BemisCode,SchoolName,District,Tehsil,SubTehsil,UC,VillageName,Gender,CurrentLevel,RecommendedLevel,TotalStudentProfileEntered,Building,BuildingCondition,ElectricityInSchool,Latitude,Longitude,NearbyHigherSchools,NearbySameLevelSchools,UpgradeReason,SearchRadius_km,AnalysisDate
3999,GBPS NOOR MUHAMMAD DUMAR,ZIARAT,SINJAVI,Sinjawi,SADDAR SAMLAN,KILLI NOOR MUHAMMAD ,Boys,Primary,Middle,174,Yes,Need Repair,No,68.31595136,30.26102433,0,3,"No Middle school within 2.0km, highest enrollment in area",2.0,2025-10-03 16:20:20
4010,GBPS ABDUL HAMEED DUMAR,ZIARAT,SINJAVI,Sinawi,REGORAH,KILLI ABDUL HAMEED,Boys,Primary,Middle,135,Yes,Satisfactory ,No,68.18526853,30.30549931,0,0,"No Middle school within 2.0km, only Primary school in area",2.0,2025-10-03 16:20:20
4129,GBPS UCHWANI TORE GUL,ZIARAT,SINJAVI,Sinjawi,CHOUTAIR,KILLI HAJI TOOR GUL,Boys,Primary,Middle,119,Yes,Need Repair,Yes,68.12371096,30.31071458,0,1,"No Middle school within 2.0km, highest enrollment in area",2.0,2025-10-03 16:20:20
1078,GBPS LILE GUT,ZIARAT,ZIARAT,ZIARAT ,SPAZANDI ,LILE GUT,Boys,Primary,Middle,103,Yes,Satisfactory ,No,67.64686882,30.52564469,0,1,"No Middle school within 2.0km, highest enrollment in area",2.0,2025-10-03 16:20:20
1069,GBPS CHUNGI BALA,ZIARAT,ZIARAT,KACH,SAROO,CHUGI BALA,Boys,Primary,Middle,95,Yes,Need Repair,No,67.39490756,30.49405566,0,0,"No Middle school within 2.0km, only Primary school in area",2.0,2025-10-03 16:20:20
1095,GBPS MULLA HOTAN,ZIARAT,ZIARAT,ZIARAT,ZANDRA,KILLI MULLAH HOTAN,Boys,Primary,Middle,71,Yes,Need Repair,No,67.68097831,30.42659042,0,1,"No Middle school within 2.0km, highest enrollment in area",2.0,2025-10-03 16:20:20
1089,GBPS KILLI RAGHA KAWAS,ZIARAT,ZIARAT,ZIARAT,KAWAS,RAGHA KAWAS,Boys,Primary,Middle,61,Yes,Need Repair,No,67.61317831,30.46139151,0,1,"No Middle school within 2.0km, highest enrollment in area",2.0,2025-10-03 16:20:20
1079,GBPS SPERA RAGHA,ZIARAT,ZIARAT,ZIARAT ,SPAZANDI ,SPERA RAGHA  THANA,Boys,Primary,Middle,51,Yes,,No,67.6479192,30.51120494,0,1,"No Middle school within 2.0km, highest enrollment in area",2.0,2025-10-03 16:20:20
4126,GBPS RAZA WANICHI,ZIARAT,SINJAVI,Sinjawi,CHOUTAIR,KILLI RAZA WANICHI,Boys,Primary,Middle,50,Yes,Satisfactory ,No,67.81130095,30.37459568,0,0,"No Middle school within 2.0km, only Primary school in area",2.0,2025-10-03 16:20:20
10439,GGPS MULLA HOTAN,ZIARAT,ZIARAT,Ziarat,ZANDRA,MULA HOTAN PACHI DAM,Girls,Primary,Middle,44,Yes,Satisfactory ,No,67.66066106,30.43044723,0,1,"No Middle school within 2.0km, highest enrollment in area",2.0,2025-10-03 16:20:20
18047,GPS  TANDAWANI,ZIARAT,SINJAVI,sinjawi,KAZA,KILLI TANDAWANI,Girls,Primary,Middle,44,Yes,Satisfactory ,No,67.99429466,30.33219636,0,0,"No Middle school within 2.0km, only Primary school in area",2.0,2025-10-03 16:20:20
11938,GGPS KILLI POIE LANDNI HASSAN ABAD,ZIARAT,SINJAVI,Sinjawi,POI,KILLI POIE LADNAY,Girls,Primary,Middle,43,Yes,Satisfactory ,No,68.0365668,30.36286261,0,0,"No Middle school within 2.0km, only Primary school in area",2.0,2025-10-03 16:20:20
1096,GBPS PICHI KARAIZ,ZIARAT,ZIARAT,ZIARAT,ZANDRA,PICHI KAREZ,Boys,Primary,Middle,40,Yes,Need Repair,No,67.68048918,30.42618596,0,1,"No Middle school within 2.0km, highest enrollment in area",2.0,2025-10-03 16:20:20
4009,GBPS KHARASHANG,ZIARAT,SINJAVI,Sinjawi,BAGHAW,KHARSHANG,Boys,Primary,Middle,40,Yes,Satisfactory ,No,68.50365019,30.25007974,0,0,"No Middle school within 2.0km, only Primary school in area",2.0,2025-10-03 16:20:20
1090,GBPS SRA  KHAZI,ZIARAT,ZIARAT,ZIARAT,KACH,SIRA KHAZI,Boys,Primary,Middle,37,Yes,Need Repair,No,67.47824726,30.44924428,0,0,"No Middle school within 2.0km, only Primary school in area",2.0,2025-10-03 16:20:20
15574,GBPS KILLI GHUNZA SINJAVI,ZIARAT,SINJAVI,Sinjawi,SADDAR SAMLAN,KILLI GHUNZA SINJAVI,Boys,Primary,Middle,36,Yes,Need Repair,No,67.91302042,30.4465145,0,0,"No Middle school within 2.0km, only Primary school in area",2.0,2025-10-03 16:20:20
14679,GBPS LUNDI SPINZANDI,ZIARAT,ZIARAT,ZIARAT,SPAZANDI ,LUNDI SPINZANDI,Boys,Primary,Middle,35,Yes,Need Repair,No,67.67116494,30.52319521,0,1,"No Middle school within 2.0km, highest enrollment in area",2.0,2025-10-03 16:20:20
1012,GBMIDS SASSNAK MANA,ZIARAT,ZIARAT,ZIARAT,MANNA ,SASSNAK MANA,Boys,Middle,High,244,Yes,Need Repair,No,67.7860089,30.48027487,0,0,"No High school within 2.0km, only Middle school in area",2.0,2025-10-03 16:20:20
9651,GGMIDS UZLAIZE (SINJAVI),ZIARAT,SINJAVI,Sinjawi,SADDAR SAMLAN,UZLAIZE,Girls,Middle,High,174,Yes,Need Repair,No,68.28606398,30.26887028,0,0,"No High school within 2.0km, only Middle school in area",2.0,2025-10-03 16:20:20
1064,GBMIDS SIRKI AHMADOON,ZIARAT,ZIARAT,ZIARAT,SAROO,SIRKI AHMADOON,Boys,Middle,High,152,Yes,Need Repair,No,67.33721844,30.50751543,0,0,"No High school within 2.0km, only Middle school in area",2.0,2025-10-03 16:20:20
1061,GBMIDS GOGI,ZIARAT,ZIARAT,KACH,SAROO,GOGI,Boys,Middle,High,130,Yes,Need Repair,No,67.4394411,30.49360374,0,0,"No High school within 2.0km, only Middle school in area",2.0,2025-10-03 16:20:20
1055,GBMIDS TUNGI,ZIARAT,ZIARAT,ZIARAT,SAROO,TANGI,Boys,Middle,High,114,Yes,Need Repair,No,67.47411114,30.54742038,0,1,"No High school within 2.0km, highest enrollment in area",2.0,2025-10-03 16:20:20
1042,GGMIDS SARMAKHSI,ZIARAT,ZIARAT,ZIARAT,SAROO,SARMAKHSI,Girls,Middle,High,87,Yes,Satisfactory ,No,67.47812328,30.53406004,0,1,"No High school within 2.0km, highest enrollment in area",2.0,2025-10-03 16:20:20
18051,GGMIDS  AGHBARG GHULAM MUHAMMAD,ZIARAT,SINJAVI,Sinjavi,AGHBARG,KILLI AGHBARG GHULAM MUHAMMAD,Girls,Middle,High,74,Yes,Satisfactory ,No,68.38780902,30.35351881,0,0,"No High school within 2.0km, only Middle school in area",2.0,2025-10-03 16:20:20
13335,GBMIDS MADRESA FAROOQIA KANEBI AUGHBRARG,ZIARAT,SINJAVI,SINJAWI,POI,KANEBI AUGHBRARG,Boys,Middle,High,65,Yes,Satisfactory ,No,68.46856706,30.36860848,0,0,"No High school within 2.0km, only Middle school in area",2.0,2025-10-03 16:20:20
1033,GGHS ZIARAT,ZIARAT,ZIARAT,Ziarat,ZIARAT,ZIARAT,Girls,High,Higher Secondary,503,Yes,Satisfactory ,Yes,67.72346322,30.38433149,0,0,"No Higher Secondary school within 2.0km, only High school in area",2.0,2025-10-03 16:20:20
1072,GBHS MANNA,ZIARAT,ZIARAT,ZIARAT,MANNA , MANNA,Boys,High,Higher Secondary,377,Yes,Need Repair,Yes,67.74169283,30.46736284,0,1,"No Higher Secondary school within 2.0km, highest enrollment in area",2.0,2025-10-03 16:20:20
1073,GGHS ZARGI KILLI ABDULLAH JAN,ZIARAT,ZIARAT,ZIARAT,SPAZANDI ,ZARGI,Girls,High,Higher Secondary,333,Yes,Need Repair,Yes,67.69626023,30.49248914,0,0,"No Higher Secondary school within 2.0km, only High school in area",2.0,2025-10-03 16:20:20
1075,GBHS SPAZUNDI,ZIARAT,ZIARAT,ZIARAT,SPAZANDI ,SPAZANDI ,Boys,High,Higher Secondary,305,Yes,Need Repair,No,67.66768504,30.52224958,0,0,"No Higher Secondary school within 2.0km, only High school in area",2.0,2025-10-03 16:20:20
4130,GBHS POI SHARIF,ZIARAT,SINJAVI,Sinjawi,POI,POI SHARIF,Boys,High,Higher Secondary,254,Yes,Need Repair,Yes,68.07917157,30.34766285,0,0,"No Higher Secondary school within 2.0km, only High school in area",2.0,2025-10-03 16:20:20
1059,GBHS CHEENA,ZIARAT,ZIARAT,ziarat,ZANDRA,CHEENA,Boys,High,Higher Secondary,237,Yes,Need Repair,No,67.64784177,30.44414772,0,1,"No Higher Secondary school within 2.0km, highest enrollment in area",2.0,2025-10-03 16:20:20
1003,GBHS MASORY MANA,ZIARAT,ZIARAT,ZIARAT ,MANNA ,MASORY MANA,Boys,High,Higher Secondary,231,Yes,Need Repair,No,67.7310797,30.46914576,0,1,"No Higher Secondary school within 2.0km, highest enrollment in area",2.0,2025-10-03 16:20:20
9660,GGHS PITAO ZINDRA,ZIARAT,ZIARAT,ZIARAT,ZANDRA,PITOW ZINDRA,Girls,High,Higher Secondary,178,Yes,Need Repair,Yes,67.61981827,30.45821034,0,1,"No Higher Secondary school within 2.0km, highest enrollment in area",2.0,2025-10-03 16:20:20
4134,GBHS TANDWANI,ZIARAT,SINJAVI,Sinjawi,CHOUTAIR,TANDWANI,Boys,High,Higher Secondary,164,Yes,Need Repair,No,67.97093957,30.34804316,0,0,"No Higher Secondary school within 2.0km, only High school in area",2.0,2025-10-03 16:20:20
1060,GBHS KAN DEPOT,ZIARAT,ZIARAT,ZIARAT,KACH,KAN DEPU,Boys,High,Higher Secondary,128,Yes,Satisfactory ,Yes,67.50028514,30.45110247,0,0,"No Higher Secondary school within 2.0km, only High school in area",2.0,2025-10-03 16:20:20
1037,GGHS ZINDRA,ZIARAT,ZIARAT,ZIARAT,ZANDRA,ZINDRA,Girls,High,Higher Secondary,123,Yes,Need Repair,No,67.60989091,30.46204102,0,1,"No Higher Secondary school within 2.0km, highest enrollment in area",2.0,2025-10-03 16:20:20
1026,GBHS KHARWARI BABA,ZIARAT,ZIARAT,ziarat,ZIARAT,BABA KHARWARI`,Boys,High,Higher Secondary,98,Yes,Need Repair,Yes,67.7415842,30.34224241,0,1,"No Higher Secondary school within 2.0km, highest enrollment in area",2.0,2025-10-03 16:20:20
8444,GGHS ZARA SANJAVI (HAJI ALI),ZIARAT,SINJAVI,SINJAWI,BAGHAW,ZARA SANJAVI,Girls,High,Higher Secondary,94,Yes,Satisfactory ,No,68.3346989,30.28570181,0,0,"No Higher Secondary school within 2.0km, only High school in area",2.0,2025-10-03 16:20:20
1068,GBHS WERCHOOM,ZIARAT,ZIARAT,ZIARAT,KAWAS,WERCHOOM,Boys,High,Higher Secondary,92,Yes,Need Repair,No,67.53090876,30.46328,0,0,"No Higher Secondary school within 2.0km, only High school in area",2.0,2025-10-03 16:20:20
1035,GGHS CHEENA,ZIARAT,ZIARAT,ziarat,ZANDRA,CHEENA,Girls,High,Higher Secondary,87,Yes,Satisfactory ,No,67.6433332,30.4461657,0,1,"No Higher Secondary school within 2.0km, highest enrollment in area",2.0,2025-10-03 16:20:20
1031,GBHS KAWAS SHARQI,ZIARAT,ZIARAT,ZIARAT,KAWAS,KAWAS,Boys,High,Higher Secondary,78,Yes,Satisfactory ,No,67.58755921,30.46379333,0,1,"No Higher Secondary school within 2.0km, highest enrollment in area",2.0,2025-10-03 16:20:20
1050,GBHS LOWER KACH,ZIARAT,ZIARAT,ZIARAT,KACH,LOWER KACH,Boys,High,Higher Secondary,50,Yes,Need Repair,Yes,67.34156673,30.45220415,0,0,"No Higher Secondary school within 2.0km, only High school in area",2.0,2025-10-03 16:20:20
13169,GGHS SARDAR SHAHEEN,ZIARAT,ZIARAT,ZIARAT,ZIARAT,SARDAR SHAHEEN KOSHK,Girls,High,Higher Secondary,50,Yes,Need Repair,No,67.75061256,30.34016434,0,1,"No Higher Secondary school within 2.0km, highest enrollment in area",2.0,2025-10-03 16:20:20
17026,GBPS KILLI HAJI SULTAN RAMOZAI PISHIN,PISHIN,PISHIN,pishin,M.CORP. PISHIN,KILLI HAJI SULTAN RAMOZAI PISHIN,Boys,Primary,Middle,191,Yes,Need Repair,No,67.02195226,30.67558099,0,1,"No Middle school within 2.0km, highest enrollment in area",2.0,2025-10-03 16:20:20
1276,GBPS NEW CHURMIAN,PISHIN,KAREZAT,nil ,DILSORA/ CHURMIAN,NEW CHURMIAN,Boys,Primary,Middle,174,Yes,Need Repair,No,67.45648667,30.72815667,0,2,"No Middle school within 2.0km, highest enrollment in area",2.0,2025-10-03 16:20:20
1321,GBPS PAIND KHAN,PISHIN,KAREZAT,KAREZAT,KHUSHAB,PAIND KHAN,Boys,Primary,Middle,114,Yes,Need Repair,No,67.12279779,30.49347967,0,1,"No Middle school within 2.0km, highest enrollment in area",2.0,2025-10-03 16:20:20
1651,GBPS WALMA,PISHIN,BARSHORE,BARSHORE,ZIARAT,WALMA,Boys,Primary,Middle,109,Yes,Need Repair,No,67.55535799,30.94139444,0,0,"No Middle school within 2.0km, only Primary school in area",2.0,2025-10-03 16:20:20
1649,GBPS SHARN SYEDAN,PISHIN,PISHIN,PISHIN,BATTAZAI,SHARAN SYEDAN,Boys,Primary,Middle,95,Yes,Need Repair,No,67.19652167,30.66434034,0,0,"No Middle school within 2.0km, only Primary school in area",2.0,2025-10-03 16:20:20
50044,GGPS KHAR BADEZAI,PISHIN,HURAMZAI,PISHIN,BADEZAI,KHAR BADEZAI,Girls,Primary,Middle,95,Yes,Need Repair,No,66.83985333,30.64050167,0,0,"No Middle school within 2.0km, only Primary school in area",2.0,2025-10-03 16:20:20
1339,GBPS DUMRAN,PISHIN,KAREZAT,000,GHARSHINAN,DUMRAN,Boys,Primary,Middle,94,Yes,Need Repair,No,67.665665,30.64590333,0,0,"No Middle school within 2.0km, only Primary school in area",2.0,2025-10-03 16:20:20
1243,GBPS JADID HAKAL ZAI,PISHIN,SARANAN,PISHIN,M.C. SARANAN,JADID HAKAL ZAI,Boys,Primary,Middle,93,Yes,Need Repair,Yes,66.93929333,30.606275,0,3,"No Middle school within 2.0km, highest enrollment in area",2.0,2025-10-03 16:20:20
50030,GGPS ABDULLAH KHAN SARANAN,PISHIN,SARANAN,SARANAN,M.C. SARANAN,KILLI ABDULLAH KHAN,Girls,Primary,Middle,90,Yes,Need Repair,No,66.87117,30.58424333,0,2,"No Middle school within 2.0km, highest enrollment in area",2.0,2025-10-03 16:20:20
17888,GPS KILLA ASKAN KHAN,PISHIN,PISHIN,PISHIN,KILLA ASKAN,KILLA ASKAN KHAN,Co-Education,Primary,Middle,89,Yes,Need Repair,Yes,67.15621052,30.73192563,0,0,"No Middle school within 2.0km, only Primary school in area",2.0,2025-10-03 16:20:20
1269,GBPS SPIN TANGI,PISHIN,KAREZAT,NIL ,DILSORA/ CHURMIAN,SPIN TANGI,Boys,Primary,Middle,87,Yes,Need Repair,No,67.46463,30.728215,0,2,"No Middle school within 2.0km, highest enrollment in area",2.0,2025-10-03 16:20:20
1195,GBPS ISSA KARAIZ,PISHIN,KAREZAT,NIL,YARU-I,ISSA KAREZ,Boys,Primary,Middle,84,Yes,Need Repair,No,67.06505333,30.54192333,0,1,"No Middle school within 2.0km, highest enrollment in area",2.0,2025-10-03 16:20:20
1212,GBMIDS SAMEZAI,PISHIN,HURAMZAI,Huramzai,HAJIAN SHAKARZAI,SAMEZAI,Boys,Middle,High,354,Yes,Need Repair,Yes,66.92331167,30.74212,0,0,"No High school within 2.0km, only Middle school in area",2.0,2025-10-03 16:20:20
1174,GBMIDS KAMAL ZAI,PISHIN,PISHIN,PISHIN,MALIKYAR-II,KAMAL ZAI,Boys,Middle,High,237,Yes,Need Repair,No,67.12677884,30.69214738,0,1,"No High school within 2.0km, highest enrollment in area",2.0,2025-10-03 16:20:20
10457,GGMIDS KHUDAIDAD ZAI SHAMOZAI,PISHIN,SARANAN,SRANAN,M.C. SARANAN,KHUDAIDAD ZAI SHAMOZAI,Girls,Middle,High,225,Yes,Need Repair,No,66.89627,30.6226,0,2,"No High school within 2.0km, highest enrollment in area",2.0,2025-10-03 16:20:20
50041,GGMIDS MALEZAI BARAGHZAI,PISHIN,PISHIN,PISHIN,MALEZAI,KILLI MALEZAI,Girls,Middle,High,205,Yes,Need Repair,Yes,66.96779667,30.67838667,0,1,"No High school within 2.0km, highest enrollment in area",2.0,2025-10-03 16:20:20
1266,GBMIDS BALA NIGAND,PISHIN,KAREZAT,KAREZAT,BALOZAI,BALA NIGAND,Boys,Middle,High,190,Yes,Need Repair,No,67.24518333,30.62420833,0,1,"No High school within 2.0km, highest enrollment in area",2.0,2025-10-03 16:20:20
1323,"GBMIDS AMIR KHAN, ROD MULLA ZAI",PISHIN,KAREZAT,NANA ABAD,GHARSHINAN,AMIR KHAN,Boys,Middle,High,152,Yes,Satisfactory ,No,67.59596074,30.56636606,0,0,"No High school within 2.0km, only Middle school in area",2.0,2025-10-03 16:20:20
1450,GBMIDS KATTA BAGH AJRAM,PISHIN,SARANAN,saranan,AJRAM SHADIZAI,KATA BAGH,Boys,Middle,High,147,Yes,Need Repair,No,66.78046536,30.52083179,0,0,"No High school within 2.0km, only Middle school in area",2.0,2025-10-03 16:20:20
1283,GBMIDS JAHLAK,PISHIN,KAREZAT,Nil,MURGHA ZAKIRAZAI,JAHLAK,Boys,Middle,High,145,Yes,Need Repair,No,67.35714333,30.70358833,0,2,"No High school within 2.0km, highest enrollment in area",2.0,2025-10-03 16:20:20
1178,GBMIDS DAB KHANZAI,PISHIN,PISHIN,NIL,DUB KHANZAI,DAB KHANOZAI,Boys,Middle,High,127,Yes,Need Repair,No,67.080745,30.71597333,0,1,"No High school within 2.0km, highest enrollment in area",2.0,2025-10-03 16:20:20
10015,GGMIDS CHOWKAL,PISHIN,KAREZAT,BOSTAN,BOSTAN,CHOWKAL,Girls,Middle,High,124,Yes,Satisfactory ,Yes,67.0409653,30.45050613,0,0,"No High school within 2.0km, only Middle school in area",2.0,2025-10-03 16:20:20
10028,GGMIDS BALA NIGANDA(KHANO ZAI),PISHIN,KAREZAT,NIL,BALOZAI,BALA NIGANDA,Girls,Middle,High,121,Yes,Satisfactory ,No,67.24432228,30.62542275,0,1,"No High school within 2.0km, highest enrollment in area",2.0,2025-10-03 16:20:20
8498,GBMIDS IBRAHIM ZAI,PISHIN,HURAMZAI,NIL,MANZARI-I,KILLI IBRAHIM ZAI SYEDAN,Boys,Middle,High,115,Yes,Need Repair,No,67.03850833,30.73429833,0,0,"No High school within 2.0km, only Middle school in area",2.0,2025-10-03 16:20:20
1159,GBMIDS MALEZAI,PISHIN,PISHIN,NIL,MALEZAI,MALIZAI,Boys,Middle,High,114,Yes,Need Repair,No,66.97324332,30.67236518,0,1,"No High school within 2.0km, highest enrollment in area",2.0,2025-10-03 16:20:20
8497,GBMIDS BALA ISMAIL ZAI,PISHIN,PISHIN,NIL,DUB KHANZAI,BALA ISMAIL ZAI,Boys,Middle,High,110,Yes,Need Repair,Yes,67.05869,30.72195167,0,1,"No High school within 2.0km, highest enrollment in area",2.0,2025-10-03 16:20:20
1220,GBMIDS MANZARI,PISHIN,HURAMZAI,HURAMZAI,MANZARI-II,MANZARI,Boys,Middle,High,107,Yes,Satisfactory ,No,67.00193883,30.75591219,0,0,"No High school within 2.0km, only Middle school in area",2.0,2025-10-03 16:20:20
50017,GGMIDS ZARI KARAIZ GAWAL,PISHIN,KAREZAT,KAREZAT,KHANAI (GOWAL),ZARI KAREZ GAWAL,Girls,Middle,High,102,Yes,Need Repair,No,67.19916725,30.5349036,0,1,"No High school within 2.0km, highest enrollment in area",2.0,2025-10-03 16:20:20
10114,GGHS THARAT,PISHIN,PISHIN,PISHIN,M.CORP. PISHIN,KILLI THARATA,Girls,High,Higher Secondary,695,Yes,Need Repair,No,67.0280369,30.5905143,0,1,"No Higher Secondary school within 2.0km, highest enrollment in area",2.0,2025-10-03 16:20:21
1124,GBHS MUHAMMAD DIN COLONY,PISHIN,KAREZAT,NIL,FAIZABAD,MOHAMMAD DIN COLONY,Boys,High,Higher Secondary,566,Yes,Satisfactory ,Yes,67.02079941,30.57630068,0,2,"No Higher Secondary school within 2.0km, highest enrollment in area",2.0,2025-10-03 16:20:21
1356,GGHS BALOZAI,PISHIN,KAREZAT,NIL,BALOZAI,BALOZAI,Girls,High,Higher Secondary,511,Yes,Need Repair,Yes,67.34024833,30.63915,0,3,"No Higher Secondary school within 2.0km, highest enrollment in area",2.0,2025-10-03 16:20:21
1288,GGHS SHARON,PISHIN,KAREZAT,KAREZAT,DILSORA/ CHURMIAN,SHARAN,Girls,High,Higher Secondary,466,Yes,Need Repair,Yes,67.33409667,30.66087,0,4,"No Higher Secondary school within 2.0km, highest enrollment in area",2.0,2025-10-03 16:20:21
1348,GGHS BOSTAN,PISHIN,KAREZAT,BOSTAN,BOSTAN,BOSTAN,Girls,High,Higher Secondary,433,Yes,Need Repair,Yes,67.00732511,30.43422259,0,1,"No Higher Secondary school within 2.0km, highest enrollment in area",2.0,2025-10-03 16:20:21
1181,GBHS TOREY SHAH,PISHIN,PISHIN,PISHIN,TORA SHAH,TORAY SHAH,Boys,High,Higher Secondary,428,Yes,Need Repair,Yes,67.10168846,30.67697858,0,2,"No Higher Secondary school within 2.0km, highest enrollment in area",2.0,2025-10-03 16:20:21
1232,GGHS HURAMZAI,PISHIN,HURAMZAI,HURAMZAI,M.C. HURAMZAI,KILLI HURAMZAI,Girls,High,Higher Secondary,426,Yes,Satisfactory ,Yes,66.84015985,30.72529982,0,1,"No Higher Secondary school within 2.0km, highest enrollment in area",2.0,2025-10-03 16:20:21
1372,GBHS BOSTAN,PISHIN,KAREZAT,Bostan,BOSTAN,BOSTAN,Boys,High,Higher Secondary,401,Yes,Need Repair,Yes,67.00890007,30.43136516,0,1,"No Higher Secondary school within 2.0km, highest enrollment in area",2.0,2025-10-03 16:20:21
10030,GGHS CHURMIAN,PISHIN,KAREZAT,NIL,DILSORA/ CHURMIAN,CHURMIAN,Girls,High,Higher Secondary,401,Yes,Satisfactory ,Yes,67.457835,30.72458333,0,1,"No Higher Secondary school within 2.0km, highest enrollment in area",2.0,2025-10-03 16:20:21
1226,GBHS HURAMZAI,PISHIN,HURAMZAI,HURAMZAI,M.C. HURAMZAI,KILLI HURAMZAI,Boys,High,Higher Secondary,382,Yes,Need Repair,Yes,66.830315,30.73749833,0,1,"No Higher Secondary school within 2.0km, highest enrollment in area",2.0,2025-10-03 16:20:21
1186,GBHS NAU ABAD,PISHIN,PISHIN,Pishin,BATTAZAI,NAU ABAD,Boys,High,Higher Secondary,377,Yes,Satisfactory ,Yes,67.0404349,30.63063262,0,0,"No Higher Secondary school within 2.0km, only High school in area",2.0,2025-10-03 16:20:21
1258,GBHS KHANOZAI,PISHIN,KAREZAT,Khanozai,M.C. KHANOZAI,KHANOZAI,Boys,High,Higher Secondary,356,Yes,Need Repair,Yes,67.340535,30.62223,0,3,"No Higher Secondary school within 2.0km, highest enrollment in area",2.0,2025-10-03 16:20:21
1271,GBHS BALOZAI,PISHIN,KAREZAT,khanozai,BALOZAI,BALOZAI,Boys,High,Higher Secondary,356,Yes,Need Repair,Yes,67.34369,30.63848833,0,3,"No Higher Secondary school within 2.0km, highest enrollment in area",2.0,2025-10-03 16:20:21
1448,GBHS SHAHDE ZAI,PISHIN,SARANAN,SARANAN,M.C. SARANAN,SHADE ZAI,Boys,High,Higher Secondary,353,Yes,Need Repair,Yes,66.80364277,30.54783197,0,0,"No Higher Secondary school within 2.0km, only High school in area",2.0,2025-10-03 16:20:21
1345,GGHS MUGHTIAN,PISHIN,KAREZAT,BOSTAN,MUGHTIAN,KILLI MUGHTIAN,Girls,High,Higher Secondary,348,Yes,Satisfactory ,No,66.99033014,30.39111442,0,0,"No Higher Secondary school within 2.0km, only High school in area",2.0,2025-10-03 16:20:21
1231,GGHS HAKALZAI,PISHIN,HURAMZAI,SARANAN,GANGALZAI,HAKALZAI,Girls,High,Higher Secondary,328,Yes,Need Repair,Yes,66.92374,30.623,0,1,"No Higher Secondary school within 2.0km, highest enrollment in area",2.0,2025-10-03 16:20:21
1104,GBHS YARO,PISHIN,KAREZAT,pishin,YARU-II,KILLI YARO,Boys,High,Higher Secondary,321,Yes,Need Repair,No,66.95691013,30.50465482,0,2,"No Higher Secondary school within 2.0km, highest enrollment in area",2.0,2025-10-03 16:20:21
1211,GBHS ALI ZAI,PISHIN,HURAMZAI,PISHIN,ALIZAI,KILLI ALIZAI,Boys,High,Higher Secondary,276,Yes,Need Repair,Yes,66.94258,30.73767,0,0,"No Higher Secondary school within 2.0km, only High school in area",2.0,2025-10-03 16:20:21
1377,GBHS GHULAM JILANI,PISHIN,KAREZAT,BOSTAN,MUGHTIAN,GHULAM JILANI,Boys,High,Higher Secondary,276,Yes,Satisfactory ,No,66.97406668,30.41335428,0,0,"No Higher Secondary school within 2.0km, only High school in area",2.0,2025-10-03 16:20:21
1230,GBHS GANGALZAI,PISHIN,HURAMZAI,Huramzai,GANGALZAI,GANGALZAI,Boys,High,Higher Secondary,274,Yes,Need Repair,Yes,66.86863167,30.72315833,0,0,"No Higher Secondary school within 2.0km, only High school in area",2.0,2025-10-03 16:20:21
1380,GBHS KHANAI BABA,PISHIN,KAREZAT,KAREZAT,KHANAI (GOWAL),KHANAI,Boys,High,Higher Secondary,271,Yes,Need Repair,No,67.13285085,30.49584424,0,1,"No Higher Secondary school within 2.0km, highest enrollment in area",2.0,2025-10-03 16:20:21
1157,GBHS BALAH YASEEN ZAI,PISHIN,PISHIN,PISHIN,NALI YASIN ZAI,BALAH YASIN ZAI,Boys,High,Higher Secondary,267,Yes,Need Repair,Yes,67.01760414,30.69315732,0,0,"No Higher Secondary school within 2.0km, only High school in area",2.0,2025-10-03 16:20:21
1131,GBHS HAKALZAI,PISHIN,SARANAN,PISHIN,M.C. SARANAN,KILLI HAIKAL ZAI,Boys,High,Higher Secondary,262,Yes,Need Repair,Yes,66.92652167,30.62414667,0,1,"No Higher Secondary school within 2.0km, highest enrollment in area",2.0,2025-10-03 16:20:21
1214,GBHS SHINGHARI,PISHIN,HURAMZAI,Huramzai,GANGALZAI,SHAGI SHEEN SAFGHARI,Boys,High,Higher Secondary,241,Yes,Need Repair,Yes,66.88994167,30.736995,0,0,"No Higher Secondary school within 2.0km, only High school in area",2.0,2025-10-03 16:20:21
1349,GGHS KHANAI BABA,PISHIN,KAREZAT,KAREZAT,KHANAI (GOWAL),KILLI KHANAI BABA,Girls,High,Higher Secondary,241,Yes,Satisfactory ,No,67.12578768,30.49879652,0,1,"No Higher Secondary school within 2.0km, highest enrollment in area",2.0,2025-10-03 16:20:21
1384,GBHS KHOSHAB,PISHIN,KAREZAT,NIL,KHUSHAB,KHOWSHAB,Boys,High,Higher Secondary,240,Yes,Need Repair,No,67.29931851,30.565196,0,0,"No Higher Secondary school within 2.0km, only High school in area",2.0,2025-10-03 16:20:21
10455,GGHS KARBALA,PISHIN,PISHIN,Pishin,KARBALA-II,KARBALA,Girls,High,Higher Secondary,237,Yes,Need Repair,Yes,66.9122744,30.6592161,0,1,"No Higher Secondary school within 2.0km, highest enrollment in area",2.0,2025-10-03 16:20:21
1463,GBHS SARANAN,PISHIN,SARANAN,SARANAN,M.C. SARANAN,SARANAN,Boys,High,Higher Secondary,230,Yes,Need Repair,Yes,66.86491475,30.57405648,0,0,"No Higher Secondary school within 2.0km, only High school in area",2.0,2025-10-03 16:20:21
1278,GBHS CHURMIAN,PISHIN,KAREZAT,Nana sahib,DILSORA/ CHURMIAN,CHURMIAN,Boys,High,Higher Secondary,223,Yes,Need Repair,Yes,67.46067254,30.71980944,0,1,"No Higher Secondary school within 2.0km, highest enrollment in area",2.0,2025-10-03 16:20:21
14461,GBHS MADRASSA DARULHUDA HAROONABAD KAREZAT,PISHIN,KAREZAT,NIL,BALOZAI,KILLI BALOZAI,Boys,High,Higher Secondary,208,Yes,Need Repair,No,67.36380833,30.62791667,0,0,"No Higher Secondary school within 2.0km, only High school in area",2.0,2025-10-03 16:20:21
1330,GBHS ROD MULLA ZAI,PISHIN,KAREZAT,NANA SAHAB,RODH MULLAZAI,ROD MULAH ZAI,Boys,High,Higher Secondary,203,Yes,Need Repair,Yes,67.53041393,30.60952178,0,1,"No Higher Secondary school within 2.0km, highest enrollment in area",2.0,2025-10-03 16:20:21
1249,GGHS KILLI ABDUL RAZAQUE,PISHIN,KAREZAT,KAREZAT,FAIZABAD,KILLI ABDUL RAZAQ,Girls,High,Higher Secondary,200,Yes,Need Repair,Yes,66.98138333,30.52737,0,1,"No Higher Secondary school within 2.0km, highest enrollment in area",2.0,2025-10-03 16:20:21
1621,GBHS KUT MUHAMMAD SHAH,PISHIN,BARSHORE,BARSHORE,KUT,KUT MOHAMMAD SHAH,Boys,High,Higher Secondary,200,Yes,Need Repair,No,67.36310961,30.89923339,0,0,"No Higher Secondary school within 2.0km, only High school in area",2.0,2025-10-03 16:20:21
10033,GGHS WARYA (ROD MULLAZAI),PISHIN,KAREZAT,NIL,RODH MULLAZAI,WARYA,Girls,High,Higher Secondary,186,Yes,Need Repair,No,67.53282055,30.61139531,0,1,"No Higher Secondary school within 2.0km, highest enrollment in area",2.0,2025-10-03 16:20:21
1153,GBHS BALAH SARKHAN ZAI,PISHIN,PISHIN,PISHIN,SAR KHANZAI,BALA KHANZAI,Boys,High,Higher Secondary,176,Yes,Need Repair,Yes,67.14657103,30.74957938,0,1,"No Higher Secondary school within 2.0km, highest enrollment in area",2.0,2025-10-03 16:20:21
1127,GBHS KARBALA,PISHIN,PISHIN,pishin,KARBALA-II,KARBALA,Boys,High,Higher Secondary,175,Yes,Need Repair,Yes,66.90798213,30.67296637,0,1,"No Higher Secondary school within 2.0km, highest enrollment in area",2.0,2025-10-03 16:20:21
1299,GBHS KOZH NIGAND,PISHIN,KAREZAT,KAREZAT,BALOZAI,KOZ NIGAND,Boys,High,Higher Secondary,162,Yes,Need Repair,No,67.22740167,30.603055,0,0,"No Higher Secondary school within 2.0km, only High school in area",2.0,2025-10-03 16:20:21
1511,GBPS KILLI PINAKI,KILLA ABDULLAH,KILLA ABDULLAH,Chaman,GIRDI PINKI,KILLI PINAKI,Boys,Primary,Middle,109,Yes,Satisfactory ,No,66.61794108,30.70510486,0,5,"No Middle school within 2.0km, highest enrollment in area",2.0,2025-10-03 16:20:21
1533,GBPS NADIR ABDUL REHMAN ZAI,KILLA ABDULLAH,GULISTAN,GULISTAN,ABDUL REHMANZAI-II,NADIR ABDUL REHMAN Z,Boys,Primary,Middle,102,Yes,Need Repair,Yes,66.62057833,30.60131667,0,7,"No Middle school within 2.0km, highest enrollment in area",2.0,2025-10-03 16:20:21
1472,GBPS BAHAWAL SHAH,KILLA ABDULLAH,KILLA ABDULLAH,KILLA ABDULLAH,KILLA ABDULLAH,BAHAWAL SHAH,Boys,Primary,Middle,88,Yes,Satisfactory ,No,66.63087833,30.71686,0,6,"No Middle school within 2.0km, highest enrollment in area",2.0,2025-10-03 16:20:21
14581,GBPS NEW KILLI ABDUL ALI KULAK,KILLA ABDULLAH,KILLA ABDULLAH,KILLA ABDULLAH,KULAK BADWAN,NEW KILLI ABDUL ALI ,Boys,Primary,Middle,81,Yes,Need Repair,No,66.76868579,30.7248231,0,4,"No Middle school within 2.0km, highest enrollment in area",2.0,2025-10-03 16:20:21
1442,GBPS ZAHIR  NOURAK SULEMAN KHAIL,KILLA ABDULLAH,GULISTAN,Gulistan ,NOURAK,NOURAK SULAMAN KHAIL,Boys,Primary,Middle,74,Yes,Need Repair,No,66.54990326,30.56540889,0,3,"No Middle school within 2.0km, highest enrollment in area",2.0,2025-10-03 16:20:21
9870,GBPS  GUL BARAN ABDUL REHMANZAI,KILLA ABDULLAH,GULISTAN,GULISTAN,ABDUL REHMANZAI-I,ASAM U DIN ABDUL REH,Boys,Primary,Middle,71,Yes,Need Repair,No,66.64169833,30.60994667,0,3,"No Middle school within 2.0km, highest enrollment in area",2.0,2025-10-03 16:20:21
1245,GBPS KILLI PIR MUHAMMAD (PANIZAI),KILLA ABDULLAH,KILLA ABDULLAH,KILLAH ABDULLAH,KILLA ABDULLAH,KILLI PIR MOHAMMAD P,Boys,Primary,Middle,70,Yes,Need Repair,No,66.64421333,30.71123667,0,5,"No Middle school within 2.0km, highest enrollment in area",2.0,2025-10-03 16:20:21
9864,GBPS MASHROW KHAN SHAMSHOZAI,KILLA ABDULLAH,GULISTAN,Gulistan,DAROZAI,KILLI HAJI MASHROW K,Boys,Primary,Middle,69,Yes,Need Repair,No,66.535255,30.486255,0,0,"No Middle school within 2.0km, only Primary school in area",2.0,2025-10-03 16:20:21
14693,GBPS KILLI SHAH PASAND KHAN,KILLA ABDULLAH,KILLA ABDULLAH,CHAMAN,PINKI GRADI,KILLI MALOIK SHAH PA,Boys,Primary,Middle,69,Yes,Need Repair,No,66.62578667,30.74057667,0,5,"No Middle school within 2.0km, highest enrollment in area",2.0,2025-10-03 16:20:21
1547,GBPS KHAMAT PIR ALI ZAI,KILLA ABDULLAH,KILLA ABDULLAH,PIRALIZAI,PIR ALI ZAI,KHAMAT PIR ALI ZAI,Boys,Primary,Middle,60,Yes,Need Repair,No,66.70755328,30.62322503,0,1,"No Middle school within 2.0km, highest enrollment in area",2.0,2025-10-03 16:20:21
1412,GBPS PINKI KARAIZ,KILLA ABDULLAH,KILLA ABDULLAH,KILLA ABDULLAH,PINKI GRADI,PINKI KAREEZ,Boys,Primary,Middle,57,Yes,Need Repair,No,66.56675667,30.67812167,0,0,"No Middle school within 2.0km, only Primary school in area",2.0,2025-10-03 16:20:21
1534,GBPS QANDAIL SAGI,KILLA ABDULLAH,GULISTAN,GULISTAN,SEGI,QANDIL SAGI,Boys,Primary,Middle,56,Yes,Need Repair,No,66.69378346,30.58965162,0,1,"No Middle school within 2.0km, highest enrollment in area",2.0,2025-10-03 16:20:21
14890,GBPS KAKRAN NOURAK,KILLA ABDULLAH,GULISTAN,Gulistan,NOURAK,KILLI KAKRAN KHARGAI,Boys,Primary,Middle,46,Yes,Need Repair,No,66.45516931,30.57979237,0,0,"No Middle school within 2.0km, only Primary school in area",2.0,2025-10-03 16:20:21
1527,GBMIDS DARO ZAI,KILLA ABDULLAH,GULISTAN,Gulistan,DAROZAI,DAROZAI,Boys,Middle,High,290,Yes,Need Repair,No,66.61360833,30.47211333,0,0,"No High school within 2.0km, only Middle school in area",2.0,2025-10-03 16:20:21
1501,GBMIDS JOHI KULAK,KILLA ABDULLAH,KILLA ABDULLAH,Killa Abdullah,KULAK BADWAN,JHOI KULAK,Boys,Middle,High,247,Yes,Need Repair,No,66.81467167,30.71856833,0,3,"No High school within 2.0km, highest enrollment in area",2.0,2025-10-03 16:20:21
1503,GBMIDS LUMRAN,KILLA ABDULLAH,KILLA ABDULLAH,KILLA ABDULLAH,KULAK BADWAN,LUMRAN,Boys,Middle,High,159,Yes,Need Repair,No,66.81675333,30.71930833,0,2,"No High school within 2.0km, highest enrollment in area",2.0,2025-10-03 16:20:21
1545,GBMIDS KILLI SHAH MIR,KILLA ABDULLAH,KILLA ABDULLAH,KILLA ABDULLAH,PIR ALI ZAI,KILLI SHAH MIR,Boys,Middle,High,77,Yes,Need Repair,No,66.68485133,30.65229882,0,1,"No High school within 2.0km, highest enrollment in area",2.0,2025-10-03 16:20:21
1693,GBMIDS KILLI HAJI KHUDAE DAD BALEZAI TOBA,KILLA ABDULLAH,DOBANDI,DOBANDI,DOBANDI,KILLI HAJI KHUDAE DA,Boys,Middle,High,65,Yes,Satisfactory ,No,66.85385167,31.17585833,0,0,"No High school within 2.0km, only Middle school in area",2.0,2025-10-03 16:20:21
1433,GBMIDS SAGI ADAM ZAI,KILLA ABDULLAH,GULISTAN,GULISTAN,SEGI,SAGI ADAM ZAI,Boys,Middle,High,57,Yes,Need Repair,No,66.68598409,30.48666149,0,0,"No High school within 2.0km, only Middle school in area",2.0,2025-10-03 16:20:21
1441,GBMIDS ABDULLAH JAN KHURGI,KILLA ABDULLAH,GULISTAN,GULISTAN,GULISTAN-I,MALIK ABDULLAH JAN,Boys,Middle,High,56,Yes,Satisfactory ,No,66.5142048,30.58394672,0,0,"No High school within 2.0km, only Middle school in area",2.0,2025-10-03 16:20:21
1514,GBMIDS KILLI ALI SHAH KAKOZAI,KILLA ABDULLAH,KILLA ABDULLAH,killaabdullah,KILLA ABDULLAH,KILLI ALI SAHAH,Boys,Middle,High,50,Yes,Need Repair,Yes,66.68972333,30.72921333,0,1,"No High school within 2.0km, highest enrollment in area",2.0,2025-10-03 16:20:21
1524,GBHS HABIBZAI,KILLA ABDULLAH,KILLA ABDULLAH,KILLA ABDULLAH ,HABIBZAI-II,HABIB ZAI,Boys,High,Higher Secondary,656,Yes,Need Repair,Yes,66.658145,30.67698,0,1,"No Higher Secondary school within 2.0km, highest enrollment in area",2.0,2025-10-03 16:20:21
1536,GGHS BIBI ZOHRA HABIB ZAI,KILLA ABDULLAH,KILLA ABDULLAH,KILLA ABDULLAH ,HABIBZAI-I,HABIB ZAI,Girls,High,Higher Secondary,613,Yes,Need Repair,Yes,66.65790833,30.66895,0,1,"No Higher Secondary school within 2.0km, highest enrollment in area",2.0,2025-10-03 16:20:21
1432,GBHS KILLI ARAMBI MASEZAI,KILLA ABDULLAH,KILLA ABDULLAH,KLLA ABDULLAH,ARAMBI MASEZAI,KILLI ARAMBI MASEZAI,Boys,High,Higher Secondary,612,Yes,Need Repair,No,66.72447337,30.7328564,0,3,"No Higher Secondary school within 2.0km, highest enrollment in area",2.0,2025-10-03 16:20:21
1523,GBHS KILLI SYED LAJWAR,KILLA ABDULLAH,GULISTAN,Gulistan,INYATULLAH KARAIZ,KILLI LAJWAR,Boys,High,Higher Secondary,570,Yes,Need Repair,Yes,66.63506833,30.637505,0,1,"No Higher Secondary school within 2.0km, highest enrollment in area",2.0,2025-10-03 16:20:21
1418,GBHS KILLI KULAZAI,KILLA ABDULLAH,KILLA ABDULLAH,QILLA ABDULLAH,KULAK BADWAN,KILLI KULAZAI,Boys,High,Higher Secondary,491,Yes,Need Repair,Yes,66.74292,30.68797167,0,4,"No Higher Secondary school within 2.0km, highest enrollment in area",2.0,2025-10-03 16:20:21
1548,GBHS PIR ALI ZAI,KILLA ABDULLAH,KILLA ABDULLAH,KILLA ABDULLAH,PIR ALI ZAI,PIR ALI ZAI,Boys,High,Higher Secondary,457,Yes,Satisfactory ,Yes,66.73775876,30.70844728,0,5,"No Higher Secondary school within 2.0km, highest enrollment in area",2.0,2025-10-03 16:20:21
1408,GBHS NOURAK SULEMAN KHAIL,KILLA ABDULLAH,GULISTAN,Gulistan,NOURAK,NOURAK SULMAN KHAIL,Boys,High,Higher Secondary,409,Yes,Need Repair,Yes,66.53571179,30.56191863,0,1,"No Higher Secondary school within 2.0km, highest enrollment in area",2.0,2025-10-03 16:20:21
9868,GBHS KILLI KHOWAJH NOOR KULACK,KILLA ABDULLAH,KILLA ABDULLAH,KILLA ABDULLAH,KILLA ABDULLAH,KULACK,Boys,High,Higher Secondary,320,Yes,Satisfactory ,Yes,66.77756506,30.72209223,0,1,"No Higher Secondary school within 2.0km, highest enrollment in area",2.0,2025-10-03 16:20:21
1404,GBHS KILLI MANGALZAI NORAK SULEMANKHAIL GULISTAN,KILLA ABDULLAH,GULISTAN,Gulistan,DAROZAI,MANGAL ZAI,Boys,High,Higher Secondary,221,Yes,Need Repair,No,66.51019,30.47987,0,0,"No Higher Secondary school within 2.0km, only High school in area",2.0,2025-10-03 16:20:21
1835,GBHS TAJ WATAN DOST DOULAT ABAD CHAMAN,KILLA ABDULLAH,KILLA ABDULLAH,CHAMAN,DAMAN ASHEZAI,DOULAT ABAD,Boys,High,Higher Secondary,210,Yes,Need Repair,No,66.46621708,30.93119589,0,0,"No Higher Secondary school within 2.0km, only High school in area",2.0,2025-10-03 16:20:21
1550,GBHS JUNGEL PIR ALI ZAI,KILLA ABDULLAH,KILLA ABDULLAH,KILLA ABDULLAH,PIR ALI ZAI,JUNGAL PIR ALI ZAI,Boys,High,Higher Secondary,196,Yes,Need Repair,No,66.70520167,30.63576667,0,0,"No Higher Secondary school within 2.0km, only High school in area",2.0,2025-10-03 16:20:21
8501,GBHS KILLI KHUDAI RAHIM,KILLA ABDULLAH,GULISTAN,GULISTAN,GULISTAN-I,GULISTAN,Boys,High,Higher Secondary,190,Yes,Satisfactory ,No,66.5787855,30.60192471,0,0,"No Higher Secondary school within 2.0km, only High school in area",2.0,2025-10-03 16:20:21
9567,GBHS KILLI MALIK GUL KULAK BAIAK,KILLA ABDULLAH,KILLA ABDULLAH,Killa Abdullah,ARAMBI MASEZAI,KILLI KULAK KAKOZAI,Boys,High,Higher Secondary,185,Yes,Need Repair,Yes,66.79125458,30.72943294,0,1,"No Higher Secondary school within 2.0km, highest enrollment in area",2.0,2025-10-03 16:20:21
1390,GGHS INAYATULLAH KARAIZ GULISTAN,KILLA ABDULLAH,GULISTAN,GULISTAN,INYATULLAH KARAIZ,INYATULLAH KAREZ,Girls,High,Higher Secondary,185,Yes,Need Repair,No,66.60443513,30.62817323,0,1,"No Higher Secondary school within 2.0km, highest enrollment in area",2.0,2025-10-03 16:20:21
10891,GGHS NOURAK SULEMAN KHAIL,KILLA ABDULLAH,GULISTAN,GULISTAN,DAROZAI,NURAK ABDUL REHMAN,Girls,High,Higher Secondary,159,Yes,Need Repair,No,66.54084372,30.56615918,0,1,"No Higher Secondary school within 2.0km, highest enrollment in area",2.0,2025-10-03 16:20:21
1703,GBHS DOBANDI TOBA,KILLA ABDULLAH,DOBANDI,DOBANDI,DOBANDI,DOBANDI,Boys,High,Higher Secondary,156,Yes,Need Repair,No,66.85054318,31.23078693,0,0,"No Higher Secondary school within 2.0km, only High school in area",2.0,2025-10-03 16:20:21
1495,GBHS HAJI MUHAMMAD ISMAIL KAKOZAI,KILLA ABDULLAH,KILLA ABDULLAH,KILLA ABDULLAH,KILLA ABDULLAH,KILLI MALIK GUL KHAN,Boys,High,Higher Secondary,132,Yes,Need Repair,No,66.78359167,30.779455,0,0,"No Higher Secondary school within 2.0km, only High school in area",2.0,2025-10-03 16:20:21
13080,GGHS KILLI ABDUL REHMAN ZAI (KHAN ZAI),KILLA ABDULLAH,GULISTAN,GULISTAN,ABDUL REHMANZAI-I,ABDUL RAHIMAN ZAI,Girls,High,Higher Secondary,115,Yes,Need Repair,No,66.62696833,30.60793333,0,1,"No Higher Secondary school within 2.0km, highest enrollment in area",2.0,2025-10-03 16:20:21
1707,GBHS ZAIMAL SHADEZAI TOBA ACHAKZAI,KILLA ABDULLAH,DOBANDI,DOBANDI,DOBANDI,ZAIMAL SHAHDIZAI TOB,Boys,High,Higher Secondary,115,Yes,Satisfactory ,No,66.87928167,31.128005,0,0,"No Higher Secondary school within 2.0km, only High school in area",2.0,2025-10-03 16:20:21
1510,GBHS DILSORA KARAIZ QILLAH ABDULLAH,KILLA ABDULLAH,KILLA ABDULLAH,Killa Abdullah,KILLA ABDULLAH,KILLA ABDULLAH,Boys,High,Higher Secondary,93,Yes,Need Repair,No,66.64041167,30.71714,0,0,"No Higher Secondary school within 2.0km, only High school in area",2.0,2025-10-03 16:20:21
13328,GGPS HAJI MUHAMMAD RASOOL,CHAMAN,CHAMAN,CHAMAN,CHAMAN,KILLI HAJI MUHAMMAD ,Girls,Primary,Middle,151,Yes,Need Repair,No,66.51395692,30.94016664,0,3,"No Middle school within 2.0km, highest enrollment in area",2.0,2025-10-03 16:20:21
9072,GBPS KILLI SHAYAN DAYAN,CHAMAN,CHAMAN,CHAMAN,ROGHANI,KILLI SHAYAN,Boys,Primary,Middle,107,Yes,Satisfactory ,No,66.41882574,30.82577523,0,0,"No Middle school within 2.0km, only Primary school in area",2.0,2025-10-03 16:20:21
9064,GBPS CHAGAI SHEELABAGH,CHAMAN,CHAMAN,CHAMAN,GIRDI PINKI,CHAGAI SHEELABAGH,Boys,Primary,Middle,96,Yes,Satisfactory ,No,66.63069509,30.79019999,0,0,"No Middle school within 2.0km, only Primary school in area",2.0,2025-10-03 16:20:21
1737,GBPS KILLI MUSA JAN,CHAMAN,CHAMAN,CHAMAN,SIRKI TALRI,KILLI MUSA KHAN,Boys,Primary,Middle,59,Yes,Need Repair,No,66.53981327,30.94043341,0,1,"No Middle school within 2.0km, highest enrollment in area",2.0,2025-10-03 16:20:21
1750,GBPS GARANG KARAIZ,CHAMAN,CHAMAN,CHAMAN,PURANA CHAMAN,GARANG KAREEZ,Boys,Primary,Middle,37,Yes,Need Repair,No,66.51878791,30.85169032,0,1,"No Middle school within 2.0km, highest enrollment in area",2.0,2025-10-03 16:20:21
1745,GBMIDS SHEELA BAGH,CHAMAN,CHAMAN,Saddar Chaman,GIRDI PINKI,SHEELA BAGH,Boys,Middle,High,71,Yes,Need Repair,No,66.60447,30.82215,0,0,"No High school within 2.0km, only Middle school in area",2.0,2025-10-03 16:20:21
1775,GBMIDS KILLI NOOR MUHAMMAD SANZALA,CHAMAN,CHAMAN,CHAMAN,ROGHANI,KILLI NOOR MUHAMMED ,Boys,Middle,High,61,Yes,Satisfactory ,No,66.48693956,30.83677918,0,0,"No High school within 2.0km, only Middle school in area",2.0,2025-10-03 16:20:21
1794,GBMIDS EHSANULLAH ANZALA DAYAN,CHAMAN,CHAMAN,CHAMAN,ROGHANI,ANZALA DAYAN,Boys,Middle,High,48,Yes,Need Repair,Yes,66.4447919,30.85462052,0,0,"No High school within 2.0km, only Middle school in area",2.0,2025-10-03 16:20:21
1823,GBHS MURDA KARAIZ DAMAN CHAMAN,CHAMAN,CHAMAN,CHAMAN,PURANA CHAMAN,MURAD KARAZ DAMAN,Boys,High,Higher Secondary,667,Yes,Need Repair,Yes,66.53459835,30.90304174,0,1,"No Higher Secondary school within 2.0km, highest enrollment in area",2.0,2025-10-03 16:20:21
1800,GBHS PURANA CHAMAN,CHAMAN,CHAMAN,Saddar Chaman,PURANA CHAMAN,PURANA CHAMAN,Boys,High,Higher Secondary,565,Yes,Need Repair,Yes,66.52172535,30.86038,0,2,"No Higher Secondary school within 2.0km, highest enrollment in area",2.0,2025-10-03 16:20:21
1812,GGHS MURDA KARAIZ,CHAMAN,CHAMAN,chaman,PURANA CHAMAN,MURDA KAREEZ,Girls,High,Higher Secondary,535,Yes,Need Repair,Yes,66.52146542,30.90482804,0,3,"No Higher Secondary school within 2.0km, highest enrollment in area",2.0,2025-10-03 16:20:21
1753,GBHS KILLI MASOOM CHAKAR LANDI,CHAMAN,CHAMAN,SADDAR CHAMAN,PURANA CHAMAN,KILLI MASOOM CHAKAR,Boys,High,Higher Secondary,410,Yes,Need Repair,Yes,66.49088866,30.89154699,0,1,"No Higher Secondary school within 2.0km, highest enrollment in area",2.0,2025-10-03 16:20:21
1772,GBHS LANDI KARAIZ,CHAMAN,CHAMAN,CHAMAN,PURANA CHAMAN,LANDI KAREEZ,Boys,High,Higher Secondary,386,Yes,Satisfactory ,Yes,66.51090028,30.84236481,0,1,"No Higher Secondary school within 2.0km, highest enrollment in area",2.0,2025-10-03 16:20:21
12948,GGHS KILLI MUHAMMAD AZAM DAMANE CHAMAN,CHAMAN,CHAMAN,CHAMAN,DAMAN ASHEZAI,KILLI MUHAMMAD AZAM ,Girls,High,Higher Secondary,375,Yes,Need Repair,Yes,66.47605482,30.92190323,0,1,"No Higher Secondary school within 2.0km, highest enrollment in area",2.0,2025-10-03 16:20:21
1740,GBHS KILLI ABDUL RAHIM,CHAMAN,CHAMAN,CHAMAN,DAMAN MIRALZAI,KILLI ABDUL RAHIM,Boys,High,Higher Secondary,246,Yes,Need Repair,No,66.51113617,30.93766437,0,1,"No Higher Secondary school within 2.0km, highest enrollment in area",2.0,2025-10-03 16:20:21
1770,GBHS KILLI BAZ MUHAMMED DAMAN,CHAMAN,CHAMAN,CHAMAN,ROGHANI,KILLI BAZ MUHAMMED,Boys,High,Higher Secondary,172,Yes,Need Repair,Yes,66.3815146,30.89120353,0,0,"No Higher Secondary school within 2.0km, only High school in area",2.0,2025-10-03 16:20:21
14586,GGHS ESSA DAMAN CHAMAN,CHAMAN,CHAMAN,SADDAR CHAMAN,purana chaman,killi essa daman chaman,Girls,High,Higher Secondary,146,Yes,Need Repair,Yes,66.48633002,30.88312371,0,1,"No Higher Secondary school within 2.0km, highest enrollment in area",2.0,2025-10-03 16:20:21
1810,GBHS KILLI MAHMOOD ABAD,CHAMAN,CHAMAN,chaman,ROGHANI,KILLI MAHMOOD,Boys,High,Higher Secondary,137,Yes,Need Repair,No,66.42356163,30.91667968,0,0,"No Higher Secondary school within 2.0km, only High school in area",2.0,2025-10-03 16:20:21
11794,GGHS KILLI SOHAIL KHAN,CHAMAN,CHAMAN,CHAMAN,ROGHANI,KILLI SIAL,Girls,High,Higher Secondary,64,Yes,Satisfactory ,Yes,66.39821711,30.91405569,0,0,"No Higher Secondary school within 2.0km, only High school in area",2.0,2025-10-03 16:20:21
1799,GBHS ROGHANI,CHAMAN,CHAMAN,CHAMAN,ROGHANI,ROGHANI,Boys,High,Higher Secondary,63,Yes,Need Repair,No,66.47931737,30.75917259,0,0,"No Higher Secondary school within 2.0km, only High school in area",2.0,2025-10-03 16:20:21
11776,GBPS MULLA KAMAL,KILLA SAIFULLAH,KILLA SAIFULLAH,Killa saifullah,BUNDAT MEERZAI,KILLI MULLA KAMAL,Boys,Primary,Middle,274,Yes,Need Repair,No,68.21563667,30.7503,0,0,"No Middle school within 2.0km, only Primary school in area",2.0,2025-10-03 16:20:21
1966,GBPS BABU CHEENA,KILLA SAIFULLAH,MUSLIM BAGH,LOI BAND,MURGHA FAQIRZAI,BABU CHEENA,Boys,Primary,Middle,112,Yes,Satisfactory ,No,67.8603323,30.99874615,0,0,"No Middle school within 2.0km, only Primary school in area",2.0,2025-10-03 16:20:21
12818,GBPS MULLA MUSTAFA,KILLA SAIFULLAH,KILLA SAIFULLAH,Killasaifullah,BUNDAT MEERZAI,KILLI MULLA MUSTAFA,Boys,Primary,Middle,106,Yes,Need Repair,No,68.18481833,30.753295,0,3,"No Middle school within 2.0km, highest enrollment in area",2.0,2025-10-03 16:20:21
12706,GBPS BISMILLAH MULLAZAI,KILLA SAIFULLAH,KILLA SAIFULLAH,KILLASAIFULLAH,BUNDAT MEERZAI,KILLI BISMILLAH MULA,Boys,Primary,Middle,102,Yes,Need Repair,Yes,68.26605167,30.758195,0,7,"No Middle school within 2.0km, highest enrollment in area",2.0,2025-10-03 16:20:21
13183,GGPS KILLI ZARGHOON MIRZAI,KILLA SAIFULLAH,KILLA SAIFULLAH,KILLA SAIFULLAH,BUNDAT MEERZAI,KILLI ZARGHOON MIR Z,Girls,Primary,Middle,90,Yes,Need Repair,Yes,68.26369392,30.73992554,0,7,"No Middle school within 2.0km, highest enrollment in area",2.0,2025-10-03 16:20:21
2000,GBPS SHEIKHAN TALRI,KILLA SAIFULLAH,MUSLIM BAGH,MUSLIMBAGH,NASAI,SHEIKHAN TALRI,Boys,Primary,Middle,87,Yes,Satisfactory ,No,67.96538269,30.63708714,0,0,"No Middle school within 2.0km, only Primary school in area",2.0,2025-10-03 16:20:21
10273,GGPS RAGHA BAKALZAI NO 2,KILLA SAIFULLAH,MUSLIM BAGH,NIL,SADAR MUSLIM BAGH,RAGHA BAKALZAI,Girls,Primary,Middle,85,Yes,Need Repair,Yes,67.59724319,30.80640567,0,2,"No Middle school within 2.0km, highest enrollment in area",2.0,2025-10-03 16:20:21
14600,GBPS IMDAD-UL-ALOOM YAR MUHAMMED,KILLA SAIFULLAH,KILLA SAIFULLAH,Killa saifullah,BUNDAT MEERZAI,BAKHTIAR ADA,Boys,Primary,Middle,84,Yes,Satisfactory ,Yes,68.23441333,30.73551833,0,1,"No Middle school within 2.0km, highest enrollment in area",2.0,2025-10-03 16:20:21
11760,GBPS DOHERA MARYAN,KILLA SAIFULLAH,KILLA SAIFULLAH,SHINKAI,MUSAPER PUR,KILLI DOHERA,Boys,Primary,Middle,81,Yes,Need Repair,No,69.02884898,30.85282502,0,0,"No Middle school within 2.0km, only Primary school in area",2.0,2025-10-03 16:20:21
1976,GBPS LOI BAND,KILLA SAIFULLAH,MUSLIM BAGH,LOI BAND,LOI BAND,LOI BAND,Boys,Primary,Middle,80,Yes,Need Repair,No,67.60453498,31.24097129,0,0,"No Middle school within 2.0km, only Primary school in area",2.0,2025-10-03 16:20:21
1988,GBPS HAJI PUKAR KHAN,KILLA SAIFULLAH,MUSLIM BAGH,LOI BAND,MURGHA FAQIRZAI,KILLI HAJI PUKAR KHA,Boys,Primary,Middle,80,Yes,Need Repair,Yes,67.81597784,31.03030442,0,1,"No Middle school within 2.0km, highest enrollment in area",2.0,2025-10-03 16:20:21
2085,GBPS YAQOOBA,KILLA SAIFULLAH,MUSLIM BAGH,NIL,KAN MEHTERZAI,YAQOOBA,Boys,Primary,Middle,77,Yes,Need Repair,No,67.5004315,30.68067065,0,0,"No Middle school within 2.0km, only Primary school in area",2.0,2025-10-03 16:20:21
1943,GBPS RAZA SHAH JOGAIZAI,KILLA SAIFULLAH,KILLA SAIFULLAH,KILLASAIFULLAH,AKHTERZAI,TOBLAI RAZA SHAH JOG,Boys,Primary,Middle,74,Yes,Satisfactory ,Yes,68.44085662,30.68919658,0,0,"No Middle school within 2.0km, only Primary school in area",2.0,2025-10-03 16:20:21
1939,GBPS SANZALI SHARAN,KILLA SAIFULLAH,KILLA SAIFULLAH,Killasaifullah,SHEREN JOGAZAI,SANZALI SHARAN,Boys,Primary,Middle,72,Yes,Need Repair,No,68.56190833,31.04082833,0,0,"No Middle school within 2.0km, only Primary school in area",2.0,2025-10-03 16:20:21
1948,GBPS KAN ADNAI ZAI,KILLA SAIFULLAH,MUSLIM BAGH,NIL,NASAI,KAN ADNAI ZAI,Boys,Primary,Middle,72,Yes,Need Repair,No,67.82004641,30.92226821,0,3,"No Middle school within 2.0km, highest enrollment in area",2.0,2025-10-03 16:20:21
14602,GBPS MADRASSA MUHAMMED ESSA,KILLA SAIFULLAH,KILLA SAIFULLAH,KILLASAIFULLAH,DOULATZAI,KILLI MUHAMMED ESSA,Boys,Primary,Middle,68,Yes,Need Repair,No,68.74266333,30.86076667,0,0,"No Middle school within 2.0km, only Primary school in area",2.0,2025-10-03 16:20:21
1914,GBPS JAMAL WALA,KILLA SAIFULLAH,KILLA SAIFULLAH,SHEENKAI,AKHTERZAI,JAMAL WALA,Boys,Primary,Middle,67,Yes,Need Repair,No,68.944825,30.76236667,0,0,"No Middle school within 2.0km, only Primary school in area",2.0,2025-10-03 16:20:21
1891,GBPS KAPER TOHI,KILLA SAIFULLAH,KILLA SAIFULLAH,KILLA SAIFULLAH,AKHTERZAI,KAPER TOHI AKHTARZAI,Boys,Primary,Middle,65,Yes,Need Repair,No,68.53630174,30.67790228,0,2,"No Middle school within 2.0km, highest enrollment in area",2.0,2025-10-03 16:20:21
2027,GBMIDS KAZHA KHUDADZAI,KILLA SAIFULLAH,MUSLIM BAGH,"MUSLIM, BAGH",NASAI,KAZAH KHUDAD ZAI,Boys,Middle,High,319,Yes,Need Repair,No,68.02545667,30.83447666,0,0,"No High school within 2.0km, only Middle school in area",2.0,2025-10-03 16:20:21
2003,GBMIDS GHUNDA MANA MUSLIM BAGH,KILLA SAIFULLAH,KILLA SAIFULLAH,MUSLIM BAGH,BUNDAT MEERZAI,GHUNDA MANA,Boys,Middle,High,194,Yes,Need Repair,Yes,68.080395,30.63602,0,0,"No High school within 2.0km, only Middle school in area",2.0,2025-10-03 16:20:21
1970,GBMIDS BADENI,KILLA SAIFULLAH,KILLA SAIFULLAH,BADINI,BADANI,BADENI BAZAR,Boys,Middle,High,160,Yes,Need Repair,No,67.83952376,31.52197085,0,0,"No High school within 2.0km, only Middle school in area",2.0,2025-10-03 16:20:21
8982,GBMIDS HAQDAD ALO ZAI,KILLA SAIFULLAH,KILLA SAIFULLAH,KILLASAIFULLAH,AKHTERZAI,HAQDAD ALOZAI,Boys,Middle,High,160,Yes,Satisfactory ,No,68.58982994,30.67481231,0,0,"No High school within 2.0km, only Middle school in area",2.0,2025-10-03 16:20:21
1888,GBMIDS KALO QILLAH,KILLA SAIFULLAH,KILLA SAIFULLAH,KILLASAIFULLAH,ALI KHAIL,KALO QILLAH,Boys,Middle,High,120,Yes,Need Repair,Yes,68.73802174,30.69866439,0,0,"No High school within 2.0km, only Middle school in area",2.0,2025-10-03 16:20:21
16274,GGMIDS KHUWAJA IMRAN,KILLA SAIFULLAH,MUSLIM BAGH,MUSLIMBAGH ,NASAI,KHUWAJA IMRAN,Girls,Middle,High,119,Yes,Need Repair,No,67.96571184,30.79953513,0,0,"No High school within 2.0km, only Middle school in area",2.0,2025-10-03 16:20:21
2147,GBMIDS IMDAD-UL-ALOOM,KILLA SAIFULLAH,KILLA SAIFULLAH,KILLASAIF ULLAH,DOULATZAI,IMDAD-UL-ALOOM,Boys,Middle,High,117,Yes,Need Repair,No,68.59582415,30.78664102,0,0,"No High school within 2.0km, only Middle school in area",2.0,2025-10-03 16:20:21
1897,GBMIDS TAR WAL,KILLA SAIFULLAH,KILLA SAIFULLAH,KILLASAIFULLAH,AKHTERZAI,TAR WAL,Boys,Middle,High,108,Yes,Need Repair,Yes,68.45934004,30.69106204,0,0,"No High school within 2.0km, only Middle school in area",2.0,2025-10-03 16:20:22
1881,GBMIDS KILLI MANKI VIALA,KILLA SAIFULLAH,KILLA SAIFULLAH,KILLASAIFULLAH,TOWN KILLA SAIFULLAH,MANKI VIYALA,Boys,Middle,High,103,Yes,Need Repair,No,68.39902833,30.69323667,0,0,"No High school within 2.0km, only Middle school in area",2.0,2025-10-03 16:20:22
1941,GBMIDS ABDUL KARIM SHARAN,KILLA SAIFULLAH,KILLA SAIFULLAH,Killasaifullah,SHEREN JOGAZAI,ABDUL KARIM SHARAN,Boys,Middle,High,97,Yes,Need Repair,Yes,68.53265606,31.034191,0,0,"No High school within 2.0km, only Middle school in area",2.0,2025-10-03 16:20:22
2029,GBMIDS ZAIB ABAD,KILLA SAIFULLAH,MUSLIM BAGH,MUSLIM BAGH,NASAI,ZAIB ABAD,Boys,Middle,High,94,Yes,Need Repair,No,68.08796899,30.83134731,0,0,"No High school within 2.0km, only Middle school in area",2.0,2025-10-03 16:20:22
12737,GBMIDS SARAZDOUBA,KILLA SAIFULLAH,MUSLIM BAGH,NIL,SADAR MUSLIM BAGH,SARAZDOUBA,Boys,Middle,High,88,Yes,Satisfactory ,No,67.88675905,30.65893064,0,0,"No High school within 2.0km, only Middle school in area",2.0,2025-10-03 16:20:22
13185,GGMIDS HAMAND ZAI,KILLA SAIFULLAH,KILLA SAIFULLAH,Town,TOWN KILLA SAIFULLAH,KILLI HAMAND ZAI,Girls,Middle,High,78,Yes,Satisfactory ,Yes,68.32111651,30.69807833,0,0,"No High school within 2.0km, only Middle school in area",2.0,2025-10-03 16:20:22
12704,GBMIDS KILLI MUHAMMAD AZEEM SHAGAI PANEZAI,KILLA SAIFULLAH,KILLA SAIFULLAH,KILLA SAIFULLAH,BUNDAT MEERZAI,SHAGAI PAIZAI,Boys,Middle,High,76,Yes,Need Repair,Yes,68.39075659,30.74297664,0,0,"No High school within 2.0km, only Middle school in area",2.0,2025-10-03 16:20:22
15743,GGMIDS KILLI JHANGEER MUSLIM BAGH,KILLA SAIFULLAH,MUSLIM BAGH,NIL,SADAR MUSLIM BAGH,KILLI JHANGEER MUSLIM BAGH,Girls,Middle,High,73,Yes,,No,67.64577694,30.85967271,0,1,"No High school within 2.0km, highest enrollment in area",2.0,2025-10-03 16:20:22
10275,GGMIDS WACHA ZAMA,KILLA SAIFULLAH,MUSLIM BAGH,NIL,SADAR MUSLIM BAGH,WACHA ZAMA,Girls,Middle,High,50,Yes,Need Repair,No,67.63881667,30.83644,0,1,"No High school within 2.0km, highest enrollment in area",2.0,2025-10-03 16:20:22
4582,GBMIDS KHANO CHEENA,KILLA SAIFULLAH,KILLA SAIFULLAH,BADINI,BADANI,KHANO CHEENA,Boys,Middle,High,50,Yes,Satisfactory ,No,67.906467,31.49816447,0,0,"No High school within 2.0km, only Middle school in area",2.0,2025-10-03 16:20:22
2025,GBMIDS KAZHA MEERZAI,KILLA SAIFULLAH,MUSLIM BAGH,MUSLIM BAGH,NASAI,KAZAH MEERZAI,Boys,Middle,High,41,Yes,Satisfactory ,No,68.15539333,30.80616,0,0,"No High school within 2.0km, only Middle school in area",2.0,2025-10-03 16:20:22
11780,GGMIDS MAKHAI KARAIZ,KILLA SAIFULLAH,MUSLIM BAGH,KANMEHTERZAI,KAN MEHTERZAI,MAKHAI KARAIZ,Girls,Middle,High,37,Yes,Satisfactory ,Yes,67.55458869,30.73476382,0,0,"No High school within 2.0km, only Middle school in area",2.0,2025-10-03 16:20:22
2138,GGHS MUSLIM BAGH,KILLA SAIFULLAH,MUSLIM BAGH,NIL,TOWN MUSLIM BAGH,MUSLIM BAGH,Girls,High,Higher Secondary,1001,Yes,Need Repair,Yes,67.73831167,30.82536167,0,2,"No Higher Secondary school within 2.0km, highest enrollment in area",2.0,2025-10-03 16:20:22
2006,GBHS MUSLIM BAGH,KILLA SAIFULLAH,MUSLIM BAGH,NIL,TOWN MUSLIM BAGH,MUSLIM BAGH,Boys,High,Higher Secondary,447,Yes,Need Repair,Yes,67.73724833,30.82815,0,2,"No Higher Secondary school within 2.0km, highest enrollment in area",2.0,2025-10-03 16:20:22
2131,GGHS REHRI KILLI,KILLA SAIFULLAH,MUSLIM BAGH,MUSLIM BAGH,TOWN MUSLIM BAGH,REHRI KILLI,Girls,High,Higher Secondary,376,Yes,Need Repair,Yes,67.73571185,30.82428356,0,2,"No Higher Secondary school within 2.0km, highest enrollment in area",2.0,2025-10-03 16:20:22
2010,GBHS URGUS,KILLA SAIFULLAH,MUSLIM BAGH,NIL,SADAR MUSLIM BAGH,URGUS,Boys,High,Higher Secondary,355,Yes,Need Repair,Yes,67.70149126,30.83668498,0,3,"No Higher Secondary school within 2.0km, highest enrollment in area",2.0,2025-10-03 16:20:22
2139,GGHS URGUS,KILLA SAIFULLAH,MUSLIM BAGH,NIL,SADAR MUSLIM BAGH,URGUS,Girls,High,Higher Secondary,335,Yes,Need Repair,Yes,67.69852271,30.84022431,0,3,"No Higher Secondary school within 2.0km, highest enrollment in area",2.0,2025-10-03 16:20:22
2144,GBHS MUHAMMAD RAFAY,KILLA SAIFULLAH,MUSLIM BAGH,kanmehterzai,KAN MEHTERZAI,KILLI RAFAY,Boys,High,Higher Secondary,334,Yes,Satisfactory ,No,67.51777189,30.74541133,0,1,"No Higher Secondary school within 2.0km, highest enrollment in area",2.0,2025-10-03 16:20:22
1875,GBHS KILLI JALAL KHAN,KILLA SAIFULLAH,KILLA SAIFULLAH,KILLASAIFULLAH,SADDAR KILLA SAIFULL,KILLI JALAL KHAN,Boys,High,Higher Secondary,327,Yes,Need Repair,No,68.27814305,30.72500825,0,0,"No Higher Secondary school within 2.0km, only High school in area",2.0,2025-10-03 16:20:22
12739,GBHS SHINA KHORA,KILLA SAIFULLAH,MUSLIM BAGH,NIL,NASAI,SHINA KHORA,Boys,High,Higher Secondary,322,Yes,Need Repair,No,67.89410325,30.85828837,0,0,"No Higher Secondary school within 2.0km, only High school in area",2.0,2025-10-03 16:20:22
2124,GGHS KAN MEHTERZAI,KILLA SAIFULLAH,MUSLIM BAGH,Kanmehterzai,KAN MEHTERZAI,KAN METHERZAI,Girls,High,Higher Secondary,298,Yes,Need Repair,Yes,67.52277248,30.74690008,0,1,"No Higher Secondary school within 2.0km, highest enrollment in area",2.0,2025-10-03 16:20:22
1982,GBHS MURGHA FAQIR ZAI,KILLA SAIFULLAH,MUSLIM BAGH,LOI BAND,MURGHA FAQIRZAI,MURGHA FAQIR ZAI,Boys,High,Higher Secondary,297,Yes,Need Repair,No,67.76906016,31.02854778,0,0,"No Higher Secondary school within 2.0km, only High school in area",2.0,2025-10-03 16:20:22
1858,GBHS AKHTAR ZAI,KILLA SAIFULLAH,KILLA SAIFULLAH,KILLASAIFULLAH,AKHTERZAI,AKHTAR ZAI,Boys,High,Higher Secondary,233,Yes,Need Repair,Yes,68.49482099,30.67168017,0,0,"No Higher Secondary school within 2.0km, only High school in area",2.0,2025-10-03 16:20:22
1929,GBHS KAKAR BATO ZAI,KILLA SAIFULLAH,KILLA SAIFULLAH,SHEENKAI,BAThOZAI,KAKAR BATO ZAI,Boys,High,Higher Secondary,200,Yes,Satisfactory ,Yes,68.82757667,30.867245,0,0,"No Higher Secondary school within 2.0km, only High school in area",2.0,2025-10-03 16:20:22
1983,GBHS KOZ KACH,KILLA SAIFULLAH,MUSLIM BAGH,LOI BAND,MURGHA FAQIRZAI,KOZH KACH,Boys,High,Higher Secondary,178,Yes,Need Repair,Yes,67.79463996,30.99996057,0,0,"No Higher Secondary school within 2.0km, only High school in area",2.0,2025-10-03 16:20:22
1915,GBHS NIZD PETROL PUMP GAWAL ISMAIL ZAI,KILLA SAIFULLAH,KILLA SAIFULLAH,SHINKAI,MUSAFER PUR,GAWAL ISMAIL ZAI,Boys,High,Higher Secondary,152,Yes,Need Repair,Yes,69.08946998,30.894928,0,0,"No Higher Secondary school within 2.0km, only High school in area",2.0,2025-10-03 16:20:22
2053,GBHS SAM KHAIL,KILLA SAIFULLAH,MUSLIM BAGH,NIL,TOWN MUSLIM BAGH,SAM KHAIL,Boys,High,Higher Secondary,140,Yes,Satisfactory ,Yes,67.77243241,30.8317291,0,0,"No Higher Secondary school within 2.0km, only High school in area",2.0,2025-10-03 16:20:22
1947,GBHS TOR TANGI,KILLA SAIFULLAH,MUSLIM BAGH,NIL,SADAR MUSLIM BAGH,TORTANGI,Boys,High,Higher Secondary,133,Yes,Need Repair,No,67.82023866,30.92230471,0,0,"No Higher Secondary school within 2.0km, only High school in area",2.0,2025-10-03 16:20:22
1934,GBHS SHARAN JOGIZAI,KILLA SAIFULLAH,KILLA SAIFULLAH,KILLASAIFULLAH,SHEREN JOGAZAI,SHARAN JOGI ZAI,Boys,High,Higher Secondary,122,Yes,Need Repair,Yes,68.55343141,31.03829498,0,0,"No Higher Secondary school within 2.0km, only High school in area",2.0,2025-10-03 16:20:22
2095,GBHS IKHTIAR KARAIZ,KILLA SAIFULLAH,MUSLIM BAGH,NIL,KAN MEHTERZAI,IKHTIAR KARAIZ,Boys,High,Higher Secondary,103,Yes,Need Repair,No,67.52726968,30.6867746,0,0,"No Higher Secondary school within 2.0km, only High school in area",2.0,2025-10-03 16:20:22
2094,GBHS YAQOOB KARAIZ,KILLA SAIFULLAH,MUSLIM BAGH,NIL,KAN MEHTERZAI,YAQOOB KARAIZ,Boys,High,Higher Secondary,75,Yes,Need Repair,No,67.62935491,30.73010992,0,0,"No Higher Secondary school within 2.0km, only High school in area",2.0,2025-10-03 16:20:22
2140,GGHS TALRI MUHAMMAD JAN,KILLA SAIFULLAH,MUSLIM BAGH,NIL,SADAR MUSLIM BAGH,TALRI MUHAMMAD JAN,Girls,High,Higher Secondary,69,Yes,Satisfactory ,No,67.70630098,30.88584362,0,0,"No Higher Secondary school within 2.0km, only High school in area",2.0,2025-10-03 16:20:22
1932,GBHS JANO GHORI ZAI,KILLA SAIFULLAH,KILLA SAIFULLAH,SHINKAI,MUSAFER PUR,JANO GHORI ZAI,Boys,High,Higher Secondary,63,Yes,Need Repair,No,69.19619317,31.0369972,0,0,"No Higher Secondary school within 2.0km, only High school in area",2.0,2025-10-03 16:20:22
2165,GBPS DUMLI GICHAK,PANJGUR,GWARGO,GWARGO,GICHK,DUMLI GICHAK,Boys,Primary,Middle,200,Yes,Need Repair,No,64.78642,26.89130667,0,1,"No Middle school within 2.0km, highest enrollment in area",2.0,2025-10-03 16:20:22
17876,GPS YAHYA ABAD,PANJGUR,PANJGUR,PANJGUR,KALAG,YAHYA ABAD,Co-Education,Primary,Middle,102,Yes,Need Repair,No,63.97179647,26.94009304,0,2,"No Middle school within 2.0km, highest enrollment in area",2.0,2025-10-03 16:20:22
2302,GBPS MUHALLAH MUSTAFA BAZAR,PANJGUR,GWARGO,GWARGO,KEEL KAUR,MUSTAFA BAZAR,Boys,Primary,Middle,89,Yes,Need Repair,No,64.08348409,26.26742535,0,0,"No Middle school within 2.0km, only Primary school in area",2.0,2025-10-03 16:20:22
16309,GGPS MOHALLA MULLA EIS MOHAMMAD,PANJGUR,GWARGO,PANJGUR,GICHK,Mohla Mula Eid Mohammad,Girls,Primary,Middle,89,Yes,Need Repair,No,64.80437833,26.92124167,0,0,"No Middle school within 2.0km, only Primary school in area",2.0,2025-10-03 16:20:22
2249,GBPS KURKAY DUL GUCHAK,PANJGUR,GWARGO,GWARGO,GICHK,KURKAY DUL GUCHAK,Boys,Primary,Middle,80,Yes,Need Repair,No,64.90534167,26.998845,0,0,"No Middle school within 2.0km, only Primary school in area",2.0,2025-10-03 16:20:22
2173,GBPS KHUDA MUSA BAZAR SORWAN,PANJGUR,PANJGUR,KALLAG,KALLAG,KUHDA MUSA BAZAR,Boys,Primary,Middle,77,Yes,Need Repair,Yes,64.00219333,26.98333167,0,2,"No Middle school within 2.0km, highest enrollment in area",2.0,2025-10-03 16:20:22
9126,GBPS QAMBER DUMB GICHK,PANJGUR,GWARGO,GHICHK,GICHK,GICHK,Boys,Primary,Middle,73,Yes,Need Repair,No,64.79971333,26.96471333,0,0,"No Middle school within 2.0km, only Primary school in area",2.0,2025-10-03 16:20:22
2311,GBMIDS GORAN GICHAK,PANJGUR,GWARGO,GICHAK,GICHK,GORAN GUCHAK,Boys,Middle,High,182,Yes,Need Repair,No,64.65634487,26.90044571,0,0,"No High school within 2.0km, only Middle school in area",2.0,2025-10-03 16:20:22
2312,GBMIDS KOHAN GICHAK,PANJGUR,GWARGO,PANJGUR,GICHK,KOHAN GICHAK,Boys,Middle,High,181,Yes,Satisfactory ,No,65.05655667,27.058305,0,0,"No High school within 2.0km, only Middle school in area",2.0,2025-10-03 16:20:22
14663,GGMIDS SHAH MURAD BAZAR PROOM,PANJGUR,GWARGO,PAROOM,PAROME,SHAH MURAD BAZAR PRO,Girls,Middle,High,117,Yes,Satisfactory ,No,63.23951648,26.64413229,0,0,"No High school within 2.0km, only Middle school in area",2.0,2025-10-03 16:20:22
2201,GBMIDS DIZ PROOM,PANJGUR,PAROOM,PAROOM,PAROOM,DIZPROOM,Boys,Middle,High,96,Yes,Need Repair,No,63.48303789,26.64466602,0,0,"No High school within 2.0km, only Middle school in area",2.0,2025-10-03 16:20:22
2321,GBMIDS SHEHBAZ KALAT(KALGRI),PANJGUR,GWARGO,GWARGO,DASHT SHAHBAZ,SHEHBAZ KALAT ,Boys,Middle,High,91,Yes,Need Repair,No,63.95681865,26.70382707,0,0,"No High school within 2.0km, only Middle school in area",2.0,2025-10-03 16:20:22
2330,GBMIDS KALAH KOR,PANJGUR,GWARGO,PAROOM,PAROME,KALAH KOR,Boys,Middle,High,37,Yes,Need Repair,No,63.41283884,26.6331808,0,0,"No High school within 2.0km, only Middle school in area",2.0,2025-10-03 16:20:22
2185,GGHS MALIKABAD WASHBOOD,PANJGUR,PANJGUR,PANJGUR,WASHBOOD,WASHBOOD,Girls,High,Higher Secondary,688,Yes,Satisfactory ,Yes,64.1473812,27.00988202,0,6,"No Higher Secondary school within 2.0km, highest enrollment in area",2.0,2025-10-03 16:20:22
2336,GBHS SORDO,PANJGUR,PANJGUR,PANJGUR,SORDO,SORDO,Boys,High,Higher Secondary,555,Yes,Need Repair,Yes,64.13175601,26.9812621,0,6,"No Higher Secondary school within 2.0km, highest enrollment in area",2.0,2025-10-03 16:20:22
2335,GGHS SORDO,PANJGUR,PANJGUR,PANJGUR,SORDO,SORDO,Girls,High,Higher Secondary,425,Yes,Need Repair,Yes,64.13241127,26.9814805,0,7,"No Higher Secondary school within 2.0km, highest enrollment in area",2.0,2025-10-03 16:20:22
2277,GBHS GOTH BAHADUR WASHBOOD,PANJGUR,PANJGUR,PANJGUR,WASHBOOD,WASHBOOD,Boys,High,Higher Secondary,407,Yes,Need Repair,Yes,64.14186333,27.00243167,0,8,"No Higher Secondary school within 2.0km, highest enrollment in area",2.0,2025-10-03 16:20:22
2303,GBHS BALGATAR PANJGOOR,PANJGUR,GWARGO,PANJGUR,KEEL KAUR,SAHAQI,Boys,High,Higher Secondary,340,Yes,Need Repair,No,64.04740881,26.17078119,0,0,"No Higher Secondary school within 2.0km, only High school in area",2.0,2025-10-03 16:20:22
9374,GGHS KALAG PANJGUR,PANJGUR,PANJGUR,KALLAG,KALLAG,KALAG,Girls,High,Higher Secondary,319,Yes,Need Repair,Yes,63.9659206,26.94169154,0,1,"No Higher Secondary school within 2.0km, highest enrollment in area",2.0,2025-10-03 16:20:22
2200,GBHS SARPROOM,PANJGUR,PAROOM,PAROOM,PAROOM,SARPROOM,Boys,High,Higher Secondary,292,Yes,Satisfactory ,No,63.36989085,26.64448987,0,1,"No Higher Secondary school within 2.0km, highest enrollment in area",2.0,2025-10-03 16:20:22
2320,GBHS RAHI NAGOOR,PANJGUR,GWARGO,PAROOM,KOHBUN,RAHI NAGOO,Boys,High,Higher Secondary,237,Yes,Need Repair,No,63.93493333,26.649075,0,0,"No Higher Secondary school within 2.0km, only High school in area",2.0,2025-10-03 16:20:22
2308,GBHS KALAG,PANJGUR,PANJGUR,KALLAG,KALLAG,KALAG,Boys,High,Higher Secondary,205,Yes,Satisfactory ,Yes,63.96386743,26.93807001,0,1,"No Higher Secondary school within 2.0km, highest enrollment in area",2.0,2025-10-03 16:20:22
10218,GGHS SAEEDABAD KAILKOR,PANJGUR,GWARGO,GWARGO,KEEL KAUR,SAEEDABAD,Girls,High,Higher Secondary,146,Yes,Satisfactory ,No,64.07040144,26.16799553,0,0,"No Higher Secondary school within 2.0km, only High school in area",2.0,2025-10-03 16:20:22
2319,GBHS GAWARGO,PANJGUR,GWARGO,GWARGO,DASHT SHAHBAZ,GAWARGO,Boys,High,Higher Secondary,92,Yes,Satisfactory ,No,64.23782,26.77643833,0,0,"No Higher Secondary school within 2.0km, only High school in area",2.0,2025-10-03 16:20:22
10229,GGHS NOK BUND PAROOM,PANJGUR,GWARGO,PAROOM,PAROME,NOK BUND,Girls,High,Higher Secondary,79,Yes,Satisfactory ,No,63.37848267,26.64433884,0,1,"No Higher Secondary school within 2.0km, highest enrollment in area",2.0,2025-10-03 16:20:22
2229,GBHS MUHAMMAD RAHIM VILLAGE  GAWARGO,PANJGUR,GWARGO,GWARGO,GWARGO,MUHAMMAD RAHIM VILLAGE GWARGO,Boys,High,Higher Secondary,56,Yes,Need Repair,No,64.371425,26.79899,0,0,"No Higher Secondary school within 2.0km, only High school in area",2.0,2025-10-03 16:20:22
18012,GPS KILLI MOHAMMAD UMAR,WASHUK,WASHUK,Washuk,MC,KILLI KILLI MOHAMMAD UMAR,Co-Education,Primary,Middle,112,Yes,Satisfactory ,No,64.82239894,27.71005733,0,4,"No Middle school within 2.0km, highest enrollment in area",2.0,2025-10-03 16:20:22
2369,GGPS HAJI ZAI,WASHUK,BASIMA,BASIMA,BASIMA,HAJIZAI,Girls,Primary,Middle,105,Yes,Need Repair,No,65.45388833,27.664965,0,1,"No Middle school within 2.0km, highest enrollment in area",2.0,2025-10-03 16:20:22
9931,GBPS JOY GUL MUHAMMAD,WASHUK,BASIMA,NAAG,SHINGHER,GUL MUHAMMAD JOY,Boys,Primary,Middle,87,Yes,Need Repair,No,65.34649167,27.30417833,0,0,"No Middle school within 2.0km, only Primary school in area",2.0,2025-10-03 16:20:22
2379,GBPS SAR AAP,WASHUK,BASIMA,BASIMA,SHINGHER,SARAAP,Boys,Primary,Middle,67,Yes,Need Repair,No,65.20679254,27.13431012,0,0,"No Middle school within 2.0km, only Primary school in area",2.0,2025-10-03 16:20:22
15411,GBPS ABDUL QADOUS SORE KALAT,WASHUK,WASHUK,Shahogari ,KHURMAGY,ABDUL QADOUS SORO,Boys,Primary,Middle,67,Yes,Need Repair,No,64.542935,28.313515,0,0,"No Middle school within 2.0km, only Primary school in area",2.0,2025-10-03 16:20:22
15651,GBPS HUSSANIN ZAI BASIMA,WASHUK,BASIMA,BASIMA,BASIMA, HUSSANIN ZAI BASIMA,Boys,Primary,Middle,61,Yes,Need Repair,No,65.45390833,27.66494,0,1,"No Middle school within 2.0km, highest enrollment in area",2.0,2025-10-03 16:20:22
2447,GBPS HAJI QADDUS SHAMSI,WASHUK,WASHUK,Washuk,M.C. WASHUK,SORCHAH,Boys,Primary,Middle,57,Yes,Need Repair,No,65.18876785,27.88078822,0,0,"No Middle school within 2.0km, only Primary school in area",2.0,2025-10-03 16:20:22
15812,GBPS KILLI DIL MURAD NAG SAR CHISHMA,WASHUK,BASIMA,Nag,NAG,KILLI DIL MURAD NAG SAR,Boys,Primary,Middle,57,Yes,Need Repair,No,65.16448518,27.38129664,0,0,"No Middle school within 2.0km, only Primary school in area",2.0,2025-10-03 16:20:22
10806,GGPS PATAK,WASHUK,BASIMA,BASIMA,SHINGHER,PATAK,Girls,Primary,Middle,55,Yes,Need Repair,No,65.61655396,27.75415372,0,0,"No Middle school within 2.0km, only Primary school in area",2.0,2025-10-03 16:20:22
2390,GBPS GREESHA,WASHUK,WASHUK,Washuk,M.C. WASHUK,GRESHA,Boys,Primary,Middle,51,Yes,Need Repair,No,65.12857,27.74771167,0,0,"No Middle school within 2.0km, only Primary school in area",2.0,2025-10-03 16:20:22
2373,GBPS SANGEYEN KALAT,WASHUK,BASIMA,NAG,SHINGHER,SANGEYEN KALAT,Boys,Primary,Middle,50,Yes,Need Repair,No,65.47464333,27.45117167,0,0,"No Middle school within 2.0km, only Primary school in area",2.0,2025-10-03 16:20:22
18005,GPS ZOR ABAD KAREEM DAD,WASHUK,WASHUK,Washuk,MC,KILLI ZOR ABAD KAREEM DAD,Co-Education,Primary,Middle,50,Yes,Satisfactory ,No,64.83834584,27.70709639,0,1,"No Middle school within 2.0km, highest enrollment in area",2.0,2025-10-03 16:20:22
11867,GBPS PARA-E-BIJJR,WASHUK,BASIMA,BASIMA,BASIMA,PARA-E-BIJJAR,Boys,Primary,Middle,48,Yes,Need Repair,No,65.57790919,27.73351532,0,0,"No Middle school within 2.0km, only Primary school in area",2.0,2025-10-03 16:20:22
2343,GBPS JANGI ZEE,WASHUK,BASIMA,BASIMA,BASIMA,JANGIZEE,Boys,Primary,Middle,46,Yes,Need Repair,No,65.79359667,27.85469833,0,1,"No Middle school within 2.0km, highest enrollment in area",2.0,2025-10-03 16:20:22
2393,GBPS ZIARAT,WASHUK,BASIMA,Washuk,KURRAGI,ZIARAT,Boys,Primary,Middle,46,Yes,Need Repair,No,65.34090806,27.93815705,0,0,"No Middle school within 2.0km, only Primary school in area",2.0,2025-10-03 16:20:22
2364,GBPS JETH NAG,WASHUK,BASIMA,Naag,NAG,JETH NAG,Boys,Primary,Middle,45,Yes,Need Repair,No,65.11439201,27.40216858,0,0,"No Middle school within 2.0km, only Primary school in area",2.0,2025-10-03 16:20:22
2424,GBPS SHIMSHAN IMAM BAKHSH,WASHUK,WASHUK,Shahogari ,GARANG,SHIMSHAN IMAM BAKHSH,Boys,Primary,Middle,45,Yes,Need Repair,No,65.094525,28.31030167,0,0,"No Middle school within 2.0km, only Primary school in area",2.0,2025-10-03 16:20:22
15290,GBPS SARLOOP,WASHUK,BASIMA,Naag,NAG,SARLOOP,Boys,Primary,Middle,44,Yes,,No,65.30487167,27.26337,0,0,"No Middle school within 2.0km, only Primary school in area",2.0,2025-10-03 16:20:22
2413,GBPS CHUKAL,WASHUK,MASHKHEL,MASHKAIL,SOTGAN,CHUKAL,Boys,Primary,Middle,43,Yes,Need Repair,No,62.9013332,27.91701965,0,0,"No Middle school within 2.0km, only Primary school in area",2.0,2025-10-03 16:20:22
2389,GBPS MARGO PLANTHAK,WASHUK,WASHUK,Washuk,PALANTUK,MARGO,Boys,Primary,Middle,40,Yes,Need Repair,No,64.14755143,27.48852122,0,0,"No Middle school within 2.0km, only Primary school in area",2.0,2025-10-03 16:20:22
10909,GBPS KAPPAR KILLI MUHAMMAD YOUSAF,WASHUK,BASIMA,BASIMA,SHINGHER,KAPPAR MUHAMMAD YOUS,Boys,Primary,Middle,40,Yes,Need Repair,No,65.61246667,27.65178833,0,0,"No Middle school within 2.0km, only Primary school in area",2.0,2025-10-03 16:20:22
2417,GBPS GHRANG,WASHUK,WASHUK,Shahogari ,GARANG,GHRANG,Boys,Primary,Middle,37,Yes,Need Repair,No,65.06731833,28.278945,0,0,"No Middle school within 2.0km, only Primary school in area",2.0,2025-10-03 16:20:22
9930,GBPS GORAGI,WASHUK,BASIMA,Nag,SHINGHER,GORAGI,Boys,Primary,Middle,37,Yes,Need Repair,No,65.4021,27.58315833,0,0,"No Middle school within 2.0km, only Primary school in area",2.0,2025-10-03 16:20:22
17999,GPS DAD MUHMMAD DALI,WASHUK,BASIMA,basima,KURAGAI,KILLI DAD MUHMMAD DALI,Co-Education,Primary,Middle,37,Yes,Satisfactory ,No,65.66474936,28.27001695,0,0,"No Middle school within 2.0km, only Primary school in area",2.0,2025-10-03 16:20:22
2366,GBMIDS KERACHI,WASHUK,BASIMA,Naag,NAG,KARICHI,Boys,Middle,High,142,Yes,Need Repair,No,64.66640881,27.20784735,0,0,"No High school within 2.0km, only Middle school in area",2.0,2025-10-03 16:20:22
2429,GBMIDS HADDO,WASHUK,WASHUK,shahogari,GARANG,HUDDO,Boys,Middle,High,109,Yes,Need Repair,No,65.15476833,28.34059,0,0,"No High school within 2.0km, only Middle school in area",2.0,2025-10-03 16:20:22
2339,GBMIDS K.H.MUHAMMAD UMAR DHAMAG,WASHUK,BASIMA,BASIMA,KURRAGI,DHAMAG,Boys,Middle,High,108,Yes,Need Repair,No,65.52017333,28.059135,0,0,"No High school within 2.0km, only Middle school in area",2.0,2025-10-03 16:20:22
2446,GBMIDS DEELI KALAGAN,WASHUK,WASHUK,Shahogari ,GARANG,DEELI KALAGAN,Boys,Middle,High,89,Yes,Need Repair,No,65.42348712,28.58891215,0,1,"No High school within 2.0km, highest enrollment in area",2.0,2025-10-03 16:20:22
11869,GGMIDS MOLA MUHAMMAD BAKHSH ZAIK,WASHUK,BASIMA,BASIMA,KURRAGI,ZAIK HAJI MUHAMMAD B,Girls,Middle,High,75,Yes,Need Repair,No,65.88435167,27.91490833,0,0,"No High school within 2.0km, only Middle school in area",2.0,2025-10-03 16:20:22
2411,GBMIDS OLD LADHGUSHT,WASHUK,MASHKHEL,MASHKAIL,LADGASHT,OLD LADHGUSHT,Boys,Middle,High,45,Yes,Need Repair,No,62.94871911,27.89936147,0,0,"No High school within 2.0km, only Middle school in area",2.0,2025-10-03 16:20:22
2415,GBMIDS AHUGO M LADGAR,WASHUK,MASHKHEL,MASHKAIL,SOTGAN,AHUGO,Boys,Middle,High,44,Yes,Need Repair,No,62.83488205,27.95341315,0,0,"No High school within 2.0km, only Middle school in area",2.0,2025-10-03 16:20:22
11515,GGMIDS CHAKAR SOAL,WASHUK,BASIMA,BASIMA,KURRAGI,CHAKAR SOAL,Girls,Middle,High,43,Yes,Need Repair,No,65.77195992,28.01747594,0,0,"No High school within 2.0km, only Middle school in area",2.0,2025-10-03 16:20:22
2358,GBMIDS GARBIJ SAJID,WASHUK,BASIMA,BASIMA,BASIMA,KILLI GARBIJ,Boys,Middle,High,40,Yes,Need Repair,No,65.42347636,28.58904923,0,1,"No High school within 2.0km, highest enrollment in area",2.0,2025-10-03 16:20:22
10539,GGMIDS JANGALI,WASHUK,BASIMA,basima,KURRAGI,JANGALI,Girls,Middle,High,38,Yes,Need Repair,No,65.77191028,27.93346696,0,0,"No High school within 2.0km, only Middle school in area",2.0,2025-10-03 16:20:22
18003,GGMIDS MUHMMAD NOOR,WASHUK,BASIMA,NAAG,NAAG,KILLI MUHMMAD NOOR,Girls,Middle,High,30,Yes,Need Repair,No,64.72566322,27.215153,0,0,"No High school within 2.0km, only Middle school in area",2.0,2025-10-03 16:20:22
2426,GBHS SALAM BAIG,WASHUK,WASHUK,Shahogari ,GARANG,SALAM BAIG,Boys,High,Higher Secondary,261,Yes,Need Repair,No,65.126575,28.32724833,0,0,"No Higher Secondary school within 2.0km, only High school in area",2.0,2025-10-03 16:20:22
2354,GBHS SHAHEED MUMTAZA ALAM BASIMA,WASHUK,BASIMA,BASIMA,BASIMA,TOWN BESIMA,Boys,High,Higher Secondary,203,Yes,Need Repair,Yes,65.81705667,27.89691167,0,2,"No Higher Secondary school within 2.0km, highest enrollment in area",2.0,2025-10-03 16:20:22
2391,GBHS SHIMSHI,WASHUK,WASHUK,Washuk,M.C. WASHUK,SHIMSHI,Boys,High,Higher Secondary,195,Yes,Need Repair,No,65.18056464,27.86509397,0,0,"No Higher Secondary school within 2.0km, only High school in area",2.0,2025-10-03 16:20:22
2375,GBHS GRAHRHI,WASHUK,BASIMA,Naag,SHINGHER,GRAHRHI,Boys,High,Higher Secondary,188,Yes,Need Repair,No,65.36622333,27.32466333,0,0,"No Higher Secondary school within 2.0km, only High school in area",2.0,2025-10-03 16:20:22
2360,GBHS SHIRENZA,WASHUK,BASIMA,BASIMA,BASIMA,SHIRANZA NEEZA,Boys,High,Higher Secondary,181,Yes,Need Repair,No,65.61902812,27.80448664,0,1,"No Higher Secondary school within 2.0km, highest enrollment in area",2.0,2025-10-03 16:20:22
2454,GBHS MUHAMMAD GUL KHURMAGI,WASHUK,WASHUK,Shahogari ,JANGIAN,KILLI MUHAMMAD GUL K,Boys,High,Higher Secondary,180,Yes,Satisfactory ,No,64.542995,28.31345167,0,0,"No Higher Secondary school within 2.0km, only High school in area",2.0,2025-10-03 16:20:22
15418,GBHS NEW JANGIAN WASHUK ASFINDABAD,WASHUK,WASHUK,Shahogari ,JANGIAN,WASHUK,Boys,High,Higher Secondary,169,Yes,Need Repair,No,64.82944167,28.46294667,0,0,"No Higher Secondary school within 2.0km, only High school in area",2.0,2025-10-03 16:20:22
2370,GBHS SHINGER,WASHUK,BASIMA,NAAG,SHINGHER,SHINGER QADIR BAD,Boys,High,Higher Secondary,166,Yes,Need Repair,No,65.50942667,27.46961833,0,1,"No Higher Secondary school within 2.0km, highest enrollment in area",2.0,2025-10-03 16:20:22
2351,GBHS KURRAGI,WASHUK,BASIMA,BASIMA,KURRAGI,KURRAGI,Boys,High,Higher Secondary,139,Yes,Need Repair,Yes,65.79166518,27.97773547,0,1,"No Higher Secondary school within 2.0km, highest enrollment in area",2.0,2025-10-03 16:20:22
2388,GBHS PLANTAK,WASHUK,WASHUK,Washuk,PALANTUK,PLNTAK,Boys,High,Higher Secondary,139,Yes,Need Repair,No,64.14750479,27.48868185,0,0,"No Higher Secondary school within 2.0km, only High school in area",2.0,2025-10-03 16:20:22
9946,GGHS  SHERANZA,WASHUK,BASIMA,BASIMA,BASIMA,SHERANZA,Girls,High,Higher Secondary,106,Yes,Need Repair,No,65.61985236,27.80517355,0,1,"No Higher Secondary school within 2.0km, highest enrollment in area",2.0,2025-10-03 16:20:22
2368,GGHS KARRA-GAI,WASHUK,BASIMA,BASIMA,KURRAGI,KARRA-GAI,Girls,High,Higher Secondary,102,Yes,Need Repair,No,65.796125,27.97063167,0,1,"No Higher Secondary school within 2.0km, highest enrollment in area",2.0,2025-10-03 16:20:22
10796,GGHS SHINGAR,WASHUK,BASIMA,NAG,SHINGHER,KILLI SHINGAR,Girls,High,Higher Secondary,82,Yes,Need Repair,No,65.50558333,27.47385,0,1,"No Higher Secondary school within 2.0km, highest enrollment in area",2.0,2025-10-03 16:20:22
2414,GBHS KILLI HAJI SHAH SALEEM SOTHGAN,WASHUK,MASHKHEL,MASHKEL,SOTGAN,KILLI HAJI SHAH SALE,Boys,High,Higher Secondary,70,Yes,Need Repair,No,62.86874335,27.9483747,0,0,"No Higher Secondary school within 2.0km, only High school in area",2.0,2025-10-03 16:20:22
17597,GPS DASHTKAIN,KHARAN,KHARAN,KHARAN,MC,KILLI DASHTKAIN,Co-Education,Primary,Middle,100,Yes,Need Repair,No,65.43605,28.68142833,0,2,"No Middle school within 2.0km, highest enrollment in area",2.0,2025-10-03 16:20:22
2536,GBPS SAR TOPIAN,KHARAN,KHARAN,SARWAN,SARAWAN,SAR TOPIAN,Boys,Primary,Middle,89,Yes,Need Repair,No,65.58486,28.68482167,0,0,"No Middle school within 2.0km, only Primary school in area",2.0,2025-10-03 16:20:22
2543,GBPS ROZI JHAL,KHARAN,KHARAN,PATKIN,NOROZ KALAT,ROZI JHAL,Boys,Primary,Middle,84,Yes,Need Repair,No,65.64778167,28.81794,0,0,"No Middle school within 2.0km, only Primary school in area",2.0,2025-10-03 16:20:22
17588,GPS AB-DARI,KHARAN,KHARAN,KHARAN,NOROZ KALAT,KILLI AB-DARI,Co-Education,Primary,Middle,72,Yes,Satisfactory ,No,65.43604167,28.681445,0,2,"No Middle school within 2.0km, highest enrollment in area",2.0,2025-10-03 16:20:22
2518,GBPS CHANNAL QADAR ABAD,KHARAN,KHARAN,KHARAN,SARAWAN,CHANNAL QADIR ABAD,Boys,Primary,Middle,63,Yes,Need Repair,No,65.52702898,28.55802672,0,0,"No Middle school within 2.0km, only Primary school in area",2.0,2025-10-03 16:20:22
17600,GPS DAZO,KHARAN,KHARAN,KHARAN,MC,KILLI DAZO,Co-Education,Primary,Middle,57,Yes,Satisfactory ,No,65.36446333,28.60995333,0,0,"No Middle school within 2.0km, only Primary school in area",2.0,2025-10-03 16:20:22
2561,GBPS PUR PAIT,KHARAN,KHARAN,SAR KHARAN,JAMAK,PUR-PAIT,Boys,Primary,Middle,48,Yes,Satisfactory ,No,65.36774333,28.41703833,0,1,"No Middle school within 2.0km, highest enrollment in area",2.0,2025-10-03 16:20:22
14511,GGPS SARAAP,KHARAN,KHARAN,SAR KHARAN,JAMAK,KILLI SARAAP,Girls,Primary,Middle,48,Yes,Need Repair,No,65.4677946,28.46229434,0,1,"No Middle school within 2.0km, highest enrollment in area",2.0,2025-10-03 16:20:22
2556,GBPS GARUK SALEEM ABAD,KHARAN,KHARAN,SAR KHARAN,JODA KALAT,GARUK SALEEM ABAD,Boys,Primary,Middle,46,Yes,Need Repair,No,65.68025771,28.43707431,0,0,"No Middle school within 2.0km, only Primary school in area",2.0,2025-10-03 16:20:22
2482,"GBMIDS KILLI NIAMAT ULLAH
",KHARAN,KHARAN,KHARAN,TOHMULK,KILLI NIAMAT-UL-ULLA,Boys,Primary,Middle,43,Yes,Need Repair,No,65.31073333,28.614295,0,0,"No Middle school within 2.0km, only Primary school in area",2.0,2025-10-03 16:20:22
16740,GBPS KILLI TONDAI,KHARAN,KHARAN,SAR KHARAN,KHARAN,KILLI SHOAIB ABAD KHARAN,Boys,Primary,Middle,42,Yes,Need Repair,No,65.30537667,28.440575,0,1,"No Middle school within 2.0km, highest enrollment in area",2.0,2025-10-03 16:20:22
2436,GBPS ZOR ABAD,KHARAN,KHARAN,SAR KHARAN,JAMAK,ZOR ABAD,Boys,Primary,Middle,41,Yes,Need Repair,Yes,65.30203167,28.46749,0,1,"No Middle school within 2.0km, highest enrollment in area",2.0,2025-10-03 16:20:22
15782,GBPS YASEEN ABAD NOURAZ KALAT,KHARAN,KHARAN,PATKIN,NOROZ KALAT,YASEEN ABAD NOURAZ KALAT,Boys,Primary,Middle,41,Yes,Satisfactory ,No,65.605715,28.78381833,0,0,"No Middle school within 2.0km, only Primary school in area",2.0,2025-10-03 16:20:22
10798,GGMIDS TAGAZI,KHARAN,KHARAN,SAR KHARAN,JAMAK,TAGAZI,Girls,Middle,High,134,Yes,Satisfactory ,No,65.43772333,28.507525,0,3,"No High school within 2.0km, highest enrollment in area",2.0,2025-10-03 16:20:22
9928,GBMIDS SHILTAK,KHARAN,KHARAN,KHARAN,TOHMULK,SHILTAK,Boys,Middle,High,117,Yes,Need Repair,No,65.26919187,28.61298614,0,1,"No High school within 2.0km, highest enrollment in area",2.0,2025-10-03 16:20:22
2580,GBMIDS TAGZZAI,KHARAN,KHARAN,SAR KHARAN,JAMAK,TAGZZAI,Boys,Middle,High,113,Yes,Need Repair,Yes,65.43545167,28.50906,0,3,"No High school within 2.0km, highest enrollment in area",2.0,2025-10-03 16:20:22
2484,GBMIDS BAHADUR ZAI,KHARAN,KHARAN,KHARAN,TOHMULK,KILLI BAHADUR-ZAI,Boys,Middle,High,104,Yes,Need Repair,No,65.27788523,28.60819963,0,1,"No High school within 2.0km, highest enrollment in area",2.0,2025-10-03 16:20:22
2527,GBMIDS  KILLI DARAY KHAN (SHAH MUHAMMAD),KHARAN,KHARAN,KHARAN,NOROZ KALAT,KILLI SHAH MOHD (DAR,Boys,Middle,High,98,Yes,Need Repair,No,65.86789303,29.0959989,0,0,"No High school within 2.0km, only Middle school in area",2.0,2025-10-03 16:20:22
2433,GBMIDS ZIAN,KHARAN,KHARAN,SAR KHARAN,JAMAK,ZIAN,Boys,Middle,High,94,Yes,Need Repair,No,65.28213667,28.427755,0,0,"No High school within 2.0km, only Middle school in area",2.0,2025-10-03 16:20:22
2558,GBMIDS SOPAK,KHARAN,KHARAN,SAR KHARAN,JODA KALAT,SOPAK,Boys,Middle,High,80,Yes,Need Repair,No,65.47680881,28.4141344,0,0,"No High school within 2.0km, only Middle school in area",2.0,2025-10-03 16:20:22
11516,GGMIDS KAINAN DAD KHUDA,KHARAN,KHARAN,KHARAN,SARAWAN,KAINAN,Girls,Middle,High,76,Yes,Need Repair,No,65.57483,28.55768333,0,0,"No High school within 2.0km, only Middle school in area",2.0,2025-10-03 16:20:22
9389,GBMIDS PINDOKZAI,KHARAN,KHARAN,MISKAN KALAT,MISKAN KALAT,KILLI PINDOKZAI,Boys,Middle,High,73,Yes,Need Repair,No,65.51878329,28.49118551,0,1,"No High school within 2.0km, highest enrollment in area",2.0,2025-10-03 16:20:22
2475,GBMIDS TOH MULK,KHARAN,KHARAN,KHARAN,TOHMULK,TOH MULK,Boys,Middle,High,73,Yes,Need Repair,No,65.22250167,28.55761167,0,0,"No High school within 2.0km, only Middle school in area",2.0,2025-10-03 16:20:22
2525,GBMIDS TAKRI BAHDUR KHAN CHAR KOHAN,KHARAN,KHARAN,KHARAN,TOHMULK,CHAR KOHAN,Boys,Middle,High,70,Yes,Need Repair,No,65.45168417,28.94458057,0,0,"No High school within 2.0km, only Middle school in area",2.0,2025-10-03 16:20:22
2560,GBMIDS KOOTAN,KHARAN,KHARAN,JODA E KALAT,JODA KALAT,KOOTAN,Boys,Middle,High,68,Yes,Need Repair,No,65.403345,28.40511,0,0,"No High school within 2.0km, only Middle school in area",2.0,2025-10-03 16:20:22
2552,GBMIDS NAROO,KHARAN,KHARAN,SAR KHARAN,JODA KALAT,NAROO,Boys,Middle,High,56,Yes,Need Repair,No,65.52829525,28.39192335,0,1,"No High school within 2.0km, highest enrollment in area",2.0,2025-10-03 16:20:23
2570,GBMIDS BANGULZAI,KHARAN,KHARAN,MISKAN KALAT,MISKAN KALAT,BABGULZAI,Boys,Middle,High,52,Yes,Need Repair,No,65.52689646,28.49466309,0,1,"No High school within 2.0km, highest enrollment in area",2.0,2025-10-03 16:20:23
2524,GBMIDS GWADGAN,KHARAN,KHARAN,PATKIN,NOROZ KALAT,GWADGAN,Boys,Middle,High,44,Yes,Need Repair,No,65.81796948,29.11598158,0,0,"No High school within 2.0km, only Middle school in area",2.0,2025-10-03 16:20:23
11522,GGMIDS KILLI ALI MUHAMMAD KANIAN,KHARAN,KHARAN,KHARAN,SARAWAN,KILLI ALI MUHAMMAD K,Girls,Middle,High,41,Yes,Need Repair,No,65.55140333,28.55891833,0,0,"No High school within 2.0km, only Middle school in area",2.0,2025-10-03 16:20:23
11874,GGMIDS BADAIN,KHARAN,KHARAN,KHARAN,TOOTAZAI,BADAIN,Girls,Middle,High,35,Yes,Need Repair,No,65.16339167,28.56119167,0,0,"No High school within 2.0km, only Middle school in area",2.0,2025-10-03 16:20:23
2521,GGHS SARAWAN,KHARAN,KHARAN,KHARAN,SARAWAN,SARAWAN,Girls,High,Higher Secondary,215,Yes,Need Repair,Yes,65.52388627,28.57337902,0,0,"No Higher Secondary school within 2.0km, only High school in area",2.0,2025-10-03 16:20:23
2434,GBHS JAMAK,KHARAN,KHARAN,SAR KHARAN,JAMAK,JAMAK,Boys,High,Higher Secondary,198,Yes,Need Repair,Yes,65.300355,28.43322833,0,0,"No Higher Secondary school within 2.0km, only High school in area",2.0,2025-10-03 16:20:23
2435,GBHS GAZZI,KHARAN,KHARAN,SAR KHARAN,JAMAK,GAZZI,Boys,High,Higher Secondary,170,Yes,Need Repair,Yes,65.368155,28.50681833,0,0,"No Higher Secondary school within 2.0km, only High school in area",2.0,2025-10-03 16:20:23
2551,GBHS NOROZ ABAD,KHARAN,KHARAN,MISKAN KALAT,MISKAN KALAT,NOROZ ABAD,Boys,High,Higher Secondary,138,Yes,Need Repair,Yes,65.47646833,28.5515,0,1,"No Higher Secondary school within 2.0km, highest enrollment in area",2.0,2025-10-03 16:20:23
10768,GGHS NOROZ ABAD,KHARAN,KHARAN,MISKANI KALAT,MISKAN KALAT,NOROZ ABAD,Girls,High,Higher Secondary,133,Yes,Satisfactory ,Yes,65.47637,28.55187167,0,1,"No Higher Secondary school within 2.0km, highest enrollment in area",2.0,2025-10-03 16:20:23
2508,GBHS ERI KALAG,KHARAN,KHARAN,TOMULK,RASKOH,ERI KALAG,Boys,High,Higher Secondary,111,Yes,Need Repair,No,65.155195,28.67206,0,0,"No Higher Secondary school within 2.0km, only High school in area",2.0,2025-10-03 16:20:23
2486,GBHS SARAGAI,KHARAN,KHARAN,KHARAN,TOHMULK,SARAGAI,Boys,High,Higher Secondary,108,Yes,Need Repair,Yes,65.25251333,28.59265167,0,0,"No Higher Secondary school within 2.0km, only High school in area",2.0,2025-10-03 16:20:23
14513,GGHS KILLI ZAHROZAI,KHARAN,KHARAN,KHARAN,SARAWAN,KILLI ZAHROZAI,Girls,High,Higher Secondary,103,Yes,Need Repair,No,65.52489333,28.625925,0,0,"No Higher Secondary school within 2.0km, only High school in area",2.0,2025-10-03 16:20:23
15115,GBPS KILLIBABO AHMED,KOHLU,KOHLU,oryani,M.C KOHLU,KILLIBABO AHMED,Boys,Primary,Middle,108,Yes,Need Repair,No,69.333535,29.92788,0,1,"No Middle school within 2.0km, highest enrollment in area",2.0,2025-10-03 16:20:23
14697,GBPS KILLI LAL ABAD,KOHLU,MAWAND,MAWAND,MAWAND,KILLI LAL ABAD,Boys,Primary,Middle,87,Yes,Need Repair,No,68.71514167,29.65316,0,2,"No Middle school within 2.0km, highest enrollment in area",2.0,2025-10-03 16:20:23
16715,GBPS KILLI WALI KHAN ALI GUL ZING GIIRSHANI,KOHLU,KAHAN,GHERSNI,KAHAN,KILLI WALI KHAN ALI GUL ZING,Boys,Primary,Middle,87,Yes,Satisfactory ,No,69.38362167,30.00084333,0,3,"No Middle school within 2.0km, highest enrollment in area",2.0,2025-10-03 16:20:23
14470,GBPS BAKHTIAR ABADD,KOHLU,KOHLU,KOHLU,M.C KOHLU,BAKHTIAR ABAD,Boys,Primary,Middle,70,Yes,Satisfactory ,Yes,69.16558,29.84703667,0,0,"No Middle school within 2.0km, only Primary school in area",2.0,2025-10-03 16:20:23
2631,GBPS TULLONGOKH,KOHLU,MAWAND,0,SUFAID,TULLONGOKH,Boys,Primary,Middle,49,Yes,Satisfactory ,No,68.99157,29.51489167,0,0,"No Middle school within 2.0km, only Primary school in area",2.0,2025-10-03 16:20:23
14705,GBPS BAKHSH ALI,KOHLU,MAWAND,KOHLU,SUFAID,KILLI BAKHSH ALI,Boys,Primary,Middle,47,Yes,Need Repair,No,68.91227167,29.61319667,0,1,"No Middle school within 2.0km, highest enrollment in area",2.0,2025-10-03 16:20:23
2747,GBPS KILLI JAN KHAN,KOHLU,KOHLU,KOHLU,URYANI,KILLI JAN KHAN,Boys,Primary,Middle,45,Yes,Need Repair,No,69.38939333,29.96540833,0,2,"No Middle school within 2.0km, highest enrollment in area",2.0,2025-10-03 16:20:23
15822,GBPS KILLI MUHAMMAD UMAR KALWANI MAWAND,KOHLU,MAWAND,0000,MAWAND,KILLI MUHAMMAD UMER KALWANI,Boys,Primary,Middle,45,Yes,Need Repair,No,68.48470924,29.72515971,0,0,"No Middle school within 2.0km, only Primary school in area",2.0,2025-10-03 16:20:23
2614,GBPS TOPI,KOHLU,MAWAND,MAWAND,SUFAID,TOPI,Boys,Primary,Middle,44,Yes,Need Repair,No,69.144545,29.56563667,0,0,"No Middle school within 2.0km, only Primary school in area",2.0,2025-10-03 16:20:23
2655,GBPS AZIZ ABAD,KOHLU,MAWAND,0,SUFAID,AZIZ ABAD,Boys,Primary,Middle,44,Yes,Need Repair,Yes,69.10137333,29.57624,0,1,"No Middle school within 2.0km, highest enrollment in area",2.0,2025-10-03 16:20:23
15195,GBPS MIR SHEHBAZ KHAN MARRI,KOHLU,MAWAND,MAWAND,MAWAND,KILLI MIR SHEHBAZ KHAN,Boys,Primary,Middle,44,Yes,Need Repair,Yes,68.68791746,29.63307812,0,1,"No Middle school within 2.0km, highest enrollment in area",2.0,2025-10-03 16:20:23
17318,GBPS KILLI JAMIL ABAD LOP LANGHANI,KOHLU,KOHLU,KOHLU,KOHLU,KILLI JAMIL ABAD LOP LANGHANI,Boys,Primary,Middle,44,Yes,Need Repair,No,69.07106667,29.79003333,0,1,"No Middle school within 2.0km, highest enrollment in area",2.0,2025-10-03 16:20:23
14062,GBPS KILLI MIR SHAHNAWAZ,KOHLU,MAWAND,MAWAND,MAWAND,KILLI SHAHNAWAZ,Boys,Primary,Middle,43,Yes,Need Repair,No,68.70025667,29.65473333,0,2,"No Middle school within 2.0km, highest enrollment in area",2.0,2025-10-03 16:20:23
2733,GBPS OBLOON KUCH,KOHLU,KOHLU,Sub Tehseel Tumbu,PAZZA,OBLOON KACH,Boys,Primary,Middle,40,Yes,Satisfactory ,No,69.09522,29.88923833,0,0,"No Middle school within 2.0km, only Primary school in area",2.0,2025-10-03 16:20:23
15402,GBPS MUHAMMAD KHAN KALWANI MURREE MAWAND,KOHLU,KOHLU,TAMBOO,PAZZA,MUHAMMAD KHAN KALWANI,Boys,Primary,Middle,40,Yes,Need Repair,No,69.06216,29.88312667,0,0,"No Middle school within 2.0km, only Primary school in area",2.0,2025-10-03 16:20:23
17317,GBPS KILLI JAN BAIG SOOMRANI GRISNI,KOHLU,KOHLU,KOHLU,KOHLU,KILLI JAN BAIG SOOMRANI GRISNI,Boys,Primary,Middle,40,Yes,Need Repair,No,69.261505,29.96375167,0,0,"No Middle school within 2.0km, only Primary school in area",2.0,2025-10-03 16:20:23
2618,GBPS DHUL YAMEEN,KOHLU,MAWAND,MAWAND,SUFAID,DHUL YAMEEN,Boys,Primary,Middle,38,Yes,Need Repair,No,69.10084,29.57403,0,1,"No Middle school within 2.0km, highest enrollment in area",2.0,2025-10-03 16:20:23
2675,GBPS BAJAR WADH,KOHLU,MAWAND,Mawand ,SUFAID,BIJAR WADH,Boys,Primary,Middle,37,Yes,Need Repair,No,68.89527174,29.59347636,0,1,"No Middle school within 2.0km, highest enrollment in area",2.0,2025-10-03 16:20:23
2679,GBPS KUNAL,KOHLU,MAWAND,MAWAND,MAWAND,KUNAL,Boys,Primary,Middle,37,Yes,Satisfactory ,No,68.82838137,29.7401836,0,0,"No Middle school within 2.0km, only Primary school in area",2.0,2025-10-03 16:20:23
12833,GBPS WAZIRHAN LOHARANI,KOHLU,KOHLU,kohlu,URYANI,WAZIRHAN LOHARANI,Boys,Primary,Middle,37,Yes,Need Repair,No,69.37327167,29.93466167,0,1,"No Middle school within 2.0km, highest enrollment in area",2.0,2025-10-03 16:20:23
2757,GBPS SHAHJAH PATI,KOHLU,KOHLU,ghirsani,URYANI,SHAHJAH PATI,Boys,Primary,Middle,36,Yes,Need Repair,No,69.221935,29.97155167,0,0,"No Middle school within 2.0km, only Primary school in area",2.0,2025-10-03 16:20:23
2816,GBPS ALI GUL TINGIANI,KOHLU,KOHLU,GHERSNI,URYANI,ALI GUL TINGIANI,Boys,Primary,Middle,36,Yes,Need Repair,No,69.35537833,30.00246833,0,0,"No Middle school within 2.0km, only Primary school in area",2.0,2025-10-03 16:20:23
15343,GBPS KILLI MIR BANGUL KHAN PWADI MARRI,KOHLU,KOHLU,sub teseel tumbu,PAZZA,KILLI MIR BANGAL KHAN PWADI,Boys,Primary,Middle,36,Yes,Need Repair,No,68.70839304,29.92088509,0,0,"No Middle school within 2.0km, only Primary school in area",2.0,2025-10-03 16:20:23
2745,GBPS MEHRO ZHUNG,KOHLU,KOHLU,KOHLU,URYANI,BASTI MEHRO ZHUNG,Boys,Primary,Middle,35,Yes,Need Repair,No,69.40341,29.96167333,0,1,"No Middle school within 2.0km, highest enrollment in area",2.0,2025-10-03 16:20:23
15059,GBPS KILLI GHULAM HUSSAIN,KOHLU,MAWAND,maiwand,MAWAND,SARWAR,Boys,Primary,Middle,35,Yes,Need Repair,No,68.72814833,29.64833,0,1,"No Middle school within 2.0km, highest enrollment in area",2.0,2025-10-03 16:20:23
2629,GBPS JAMIL ABAD,KOHLU,MAWAND,00000,SUFAID,JAMIL ABAD,Boys,Primary,Middle,33,Yes,Need Repair,No,69.04107667,29.61833833,0,0,"No Middle school within 2.0km, only Primary school in area",2.0,2025-10-03 16:20:23
2809,GBPS PISHNI NEHALAN,KOHLU,KOHLU,Kohlu,PAZZA,PISHNI NIHALAN,Boys,Primary,Middle,32,Yes,Need Repair,No,69.18176333,29.908705,0,1,"No Middle school within 2.0km, highest enrollment in area",2.0,2025-10-03 16:20:23
14701,"GBMIDS KILLI JAMALHAN, JANAT ALI",KOHLU,KAHAN,kahan,NISAO,JAMALIAN,Boys,Middle,High,187,Yes,Need Repair,No,69.18812547,29.34416953,0,0,"No High school within 2.0km, only Middle school in area",2.0,2025-10-03 16:20:23
15112,GBMIDS KILLI NIAZ SHAH HACHA ABAD,KOHLU,KOHLU,oryani,URYANI,KILLI NAIz SHAH HACH,Boys,Middle,High,110,Yes,Satisfactory ,Yes,69.29695667,29.907375,0,0,"No High school within 2.0km, only Middle school in area",2.0,2025-10-03 16:20:23
2657,GBMIDS CHUKKO NALA,KOHLU,MAWAND,MAWAND,SUFAID,CHUKKO NALA,Boys,Middle,High,107,Yes,Need Repair,No,68.94999667,29.60818667,0,0,"No High school within 2.0km, only Middle school in area",2.0,2025-10-03 16:20:23
2719,GBMIDS KILLI MIR MUHAMMAD,KOHLU,KOHLU,SUB TESEEL TUMBU,PAZZA,KILLI MIR MOHAMMAD,Boys,Middle,High,62,Yes,Need Repair,No,68.98552833,29.83173167,0,0,"No High school within 2.0km, only Middle school in area",2.0,2025-10-03 16:20:23
2644,GBMIDS BALL DACCA,KOHLU,KOHLU,Gharsanee,URYANI,BALL DACCA,Boys,Middle,High,54,Yes,Satisfactory ,No,69.41326,30.03346833,0,0,"No High school within 2.0km, only Middle school in area",2.0,2025-10-03 16:20:23
10638,GBMIDS M. DIN SAHIB DAD,KOHLU,KOHLU,Kohlu,KARAM KHAN SHAHER,KILLI SAHIB DAD,Boys,Middle,High,53,Yes,Need Repair,Yes,69.207205,29.90986833,0,1,"No High school within 2.0km, highest enrollment in area",2.0,2025-10-03 16:20:23
2723,GBMIDS KILLI NOOR AHMED TUMBOO,KOHLU,KOHLU,PAZZA,PAZZA,NOOR AHMED TUMBOO,Boys,Middle,High,36,Yes,Need Repair,No,69.04647333,29.846935,0,1,"No High school within 2.0km, highest enrollment in area",2.0,2025-10-03 16:20:23
16329,GBMIDS SYED ABAD,KOHLU,MAWAND,MAWAND,SUFAID,SYED ABAD,Boys,Middle,High,35,Yes,Need Repair,No,69.10664167,29.64723667,0,0,"No High school within 2.0km, only Middle school in area",2.0,2025-10-03 16:20:23
16022,GBMIDS SOBDAR QALANDRANI,KOHLU,KOHLU,KOHLU,M.C KOHLU,SOBDAR QALANDRANI,Boys,Middle,High,32,Yes,Satisfactory ,No,69.199695,29.87714833,0,1,"No High school within 2.0km, highest enrollment in area",2.0,2025-10-03 16:20:23
2652,GBMIDS BASTI SUFAID,KOHLU,MAWAND,MAWAND,SUFAID,SUFAID,Boys,Middle,High,31,Yes,Need Repair,No,68.98269833,29.58021,0,0,"No High school within 2.0km, only Middle school in area",2.0,2025-10-03 16:20:23
2597,GGHS KOHLU,KOHLU,KOHLU,KOHLU,M.C KOHLU,KOHLU,Girls,High,Higher Secondary,841,Yes,Need Repair,Yes,69.251255,29.897935,0,1,"No Higher Secondary school within 2.0km, highest enrollment in area",2.0,2025-10-03 16:20:23
8742,GGHS KILLI MERO KHAN MAWAND,KOHLU,MAWAND,mawand,MAWAND,MEWAND,Girls,High,Higher Secondary,261,Yes,Need Repair,Yes,68.70278833,29.65370167,0,1,"No Higher Secondary school within 2.0km, highest enrollment in area",2.0,2025-10-03 16:20:23
2647,GBHS ORYANI,KOHLU,KOHLU,oryani,URYANI,ORYANI,Boys,High,Higher Secondary,223,Yes,Need Repair,No,69.33169833,29.93123,0,1,"No Higher Secondary school within 2.0km, highest enrollment in area",2.0,2025-10-03 16:20:23
2672,GBHS BASTI SULEMAN MANJRA,KOHLU,MAWAND,MAWAND,MAWAND,BASTI SULAMAN,Boys,High,Higher Secondary,150,Yes,Satisfactory ,Yes,68.77037167,29.66916667,0,0,"No Higher Secondary school within 2.0km, only High school in area",2.0,2025-10-03 16:20:23
15269,GBHS MULLA MUHAMMAD MAWAND,KOHLU,MAWAND,MAIWAND,MAWAND,MULLA MUHAMMAD MAWAND,Boys,High,Higher Secondary,139,Yes,Need Repair,Yes,68.710045,29.65508,0,1,"No Higher Secondary school within 2.0km, highest enrollment in area",2.0,2025-10-03 16:20:23
2735,GBHS KARIM DAD SHEHER,KOHLU,KOHLU,TAMBOO,PAZZA,KARIM DAD SHEHER,Boys,High,Higher Secondary,136,Yes,Need Repair,No,69.015715,29.84435833,0,1,"No Higher Secondary school within 2.0km, highest enrollment in area",2.0,2025-10-03 16:20:23
2649,GBHS HASILAN,KOHLU,KOHLU,kohlu,PAZZA,HASILAN,Boys,High,Higher Secondary,123,Yes,Need Repair,No,69.120535,29.82123333,0,0,"No Higher Secondary school within 2.0km, only High school in area",2.0,2025-10-03 16:20:23
2650,GBHS AZAD SHEHER,KOHLU,KOHLU,KOHLU,M.C KOHLU,AZAD SHEHER,Boys,High,Higher Secondary,107,Yes,Need Repair,No,69.24567167,29.90469167,0,1,"No Higher Secondary school within 2.0km, highest enrollment in area",2.0,2025-10-03 16:20:23
10646,GBHS MUHAMMAD KAMAL QALANDRANI,KOHLU,KOHLU,KOHLU,KARAM KHAN SHAHER,MUHAMMAD KAMAL QALAN,Boys,High,Higher Secondary,89,Yes,Need Repair,No,69.18103333,29.85876667,0,0,"No Higher Secondary school within 2.0km, only High school in area",2.0,2025-10-03 16:20:23
2669,GBHS KILLI BALO KHAN,KOHLU,KOHLU,kohlu,KARAM KHAN SHAHER,BALO KHAN,Boys,High,Higher Secondary,89,Yes,Need Repair,No,69.158815,29.84838,0,0,"No Higher Secondary school within 2.0km, only High school in area",2.0,2025-10-03 16:20:23
2643,GBHS GARISINI KATAL,KOHLU,KOHLU,oryani,URYANI,GARISNI KATAL,Boys,High,Higher Secondary,84,Yes,Need Repair,No,69.33340555,29.98801938,0,0,"No Higher Secondary school within 2.0km, only High school in area",2.0,2025-10-03 16:20:23
15267,GBHS KILLI MASTER NABI DAD TAMBOO,KOHLU,KOHLU,Sub Tehseel tumbu,M.C KOHLU,KILLI MASTER NABI DAD TAMBOO,Boys,High,Higher Secondary,81,Yes,Satisfactory ,No,69.01648833,29.83713333,0,1,"No Higher Secondary school within 2.0km, highest enrollment in area",2.0,2025-10-03 16:20:23
2785,GBHS WAZIR ABAD,KOHLU,KOHLU,kohlu,URYANI,WAZEER ABAD,Boys,High,Higher Secondary,41,Yes,Satisfactory ,No,69.32388833,29.92317333,0,1,"No Higher Secondary school within 2.0km, highest enrollment in area",2.0,2025-10-03 16:20:23
2962,GBPS UMAR ABAD,MASTUNG,MASTUNG,MASTUNG,KANAK,KILLI UMAR ABAD,Boys,Primary,Middle,158,Yes,Need Repair,No,66.77608047,30.10965578,0,1,"No Middle school within 2.0km, highest enrollment in area",2.0,2025-10-03 16:20:23
2967,GBPS SHALI ABAD,MASTUNG,MASTUNG,MASTUNG,KANAK,KILLI SHALI ABAD,Boys,Primary,Middle,119,Yes,Need Repair,No,66.74407094,30.13037174,0,0,"No Middle school within 2.0km, only Primary school in area",2.0,2025-10-03 16:20:23
2985,GBPS KAFTARI,MASTUNG,KIRDGAP,KIRDGAP,SORO,KAFTARI KILLI SHARBAT,Boys,Primary,Middle,88,Yes,Need Repair,No,66.36234713,29.60296098,0,2,"No Middle school within 2.0km, highest enrollment in area",2.0,2025-10-03 16:20:23
2835,GBPS BABKANI,MASTUNG,MASTUNG,MASTUNG,KANAK,KILLI BABKANI,Boys,Primary,Middle,76,Yes,Need Repair,No,66.74959279,29.95721124,0,3,"No Middle school within 2.0km, highest enrollment in area",2.0,2025-10-03 16:20:23
2955,GBPS YAR MUHAMMAD DOLLAY,MASTUNG,MASTUNG,MASTUNG,KANAK,KILLI YAR MOHAMMAD DOLLAY,Boys,Primary,Middle,72,Yes,Satisfactory ,No,66.73887446,30.02456246,0,3,"No Middle school within 2.0km, highest enrollment in area",2.0,2025-10-03 16:20:23
15522,GGPS SUNGUR/PIRANGABAD,MASTUNG,MASTUNG,MASTUNG,MASTUNG-II,SUNGUR/PIRANGABAD,Girls,Primary,Middle,70,Yes,Satisfactory ,No,66.91104435,30.03063001,0,2,"No Middle school within 2.0km, highest enrollment in area",2.0,2025-10-03 16:20:23
15806,GBPS KILLI MEHMOOD ABAD JALAB DASHT GADA,MASTUNG,DASHT SPEZAND,Spezand DASHT,SPEZAND,KILLI MEHMOOD ABAD,Boys,Primary,Middle,70,Yes,,No,67.04625131,29.96027252,0,0,"No Middle school within 2.0km, only Primary school in area",2.0,2025-10-03 16:20:23
16753,GGPS KILLI RAIS ABDUL MAJEED SUNGGUR,MASTUNG,MASTUNG,DASHT,MASTUNG-I,KILLI RAIS ABDUL MAJEED,Girls,Primary,Middle,70,Yes,,No,66.91292829,30.03026801,0,3,"No Middle school within 2.0km, highest enrollment in area",2.0,2025-10-03 16:20:23
2925,GBPS UZ-GHARI,MASTUNG,MASTUNG,MASTUNG,SHEIKH WASIL,KILLI UZGHARI,Co-Education,Primary,Middle,69,Yes,Satisfactory ,No,66.79875527,29.91048259,0,0,"No Middle school within 2.0km, only Primary school in area",2.0,2025-10-03 16:20:23
2970,GBPS RODENI,MASTUNG,KIRDGAP,KIRDGAP,KIRDGAP,KILLI RODINI,Boys,Primary,Middle,65,Yes,Need Repair,No,66.42946443,29.76523352,0,0,"No Middle school within 2.0km, only Primary school in area",2.0,2025-10-03 16:20:23
2918,GBPS RAZA MUHAMMED,MASTUNG,MASTUNG,MASTUNG,SHEIKH WASIL,RAZA MUHAMMAD NOZA,Boys,Primary,Middle,63,Yes,Need Repair,No,66.75702441,29.93105394,0,5,"No Middle school within 2.0km, highest enrollment in area",2.0,2025-10-03 16:20:23
17767,GPS MOZAH KHAK E MOUSH DASHT PRINGABAD,MASTUNG,MASTUNG,MASTUNG,SORGAZ,MOZAH KHAK E MOUSH DASHT PRINGABAD,Girls,Primary,Middle,61,Yes,Satisfactory ,No,66.89789081,29.89343667,0,0,"No Middle school within 2.0km, only Primary school in area",2.0,2025-10-03 16:20:23
3027,GBPS REKI PUSHT,MASTUNG,DASHT SPEZAND,0,ISPLINJI,KILLI MIR HASAN (REKI PUSHT),Boys,Primary,Middle,59,Yes,,No,67.03307208,29.81364671,0,1,"No Middle school within 2.0km, highest enrollment in area",2.0,2025-10-03 16:20:23
9442,GBPS KAFTAREE KOHNA,MASTUNG,KIRDGAP,KIRDGAP,SORO,KAFTAREE KOHNA,Boys,Primary,Middle,59,Yes,Satisfactory ,No,66.37645357,29.59490702,0,3,"No Middle school within 2.0km, highest enrollment in area",2.0,2025-10-03 16:20:23
2840,GBPS KHALI KANAK,MASTUNG,MASTUNG,MASTUNG,KANAK,KILLI KHALI KANAK,Boys,Primary,Middle,54,Yes,Need Repair,No,66.70941496,29.94381516,0,1,"No Middle school within 2.0km, highest enrollment in area",2.0,2025-10-03 16:20:23
2965,GBPS HAZARGANJI,MASTUNG,DASHT SPEZAND,DASHT SPEZAND,SPEZAND,HAZAR GANGI DASHT,Boys,Primary,Middle,53,Yes,Need Repair,Yes,66.86799158,30.00474716,0,0,"No Middle school within 2.0km, only Primary school in area",2.0,2025-10-03 16:20:23
8607,GBMIDS KILLI BARAN,MASTUNG,MASTUNG,KHAD KOCHA,KHAD KOCHA,KILLI BARAN KHAD KOCHA,Boys,Middle,High,195,Yes,Satisfactory ,No,66.77630861,29.6821043,0,0,"No High school within 2.0km, only Middle school in area",2.0,2025-10-03 16:20:23
2952,GBMIDS UMAR DHOR,MASTUNG,DASHT SPEZAND,DASHT,ISPLINJI,UMAR DHOR DASHT,Boys,Middle,High,152,Yes,Need Repair,No,66.98663183,29.82276025,0,0,"No High school within 2.0km, only Middle school in area",2.0,2025-10-03 16:20:23
3033,GBMIDS MIAN GHUNDI,MASTUNG,DASHT SPEZAND,DASHT,SPEZAND,KILLI HASSNI MAIN GHUNDI,Boys,Middle,High,125,Yes,Need Repair,Yes,66.95669987,30.01794898,0,1,"No High school within 2.0km, highest enrollment in area",2.0,2025-10-03 16:20:23
2950,GBMIDS KILLI JUMA KHAN DASHT,MASTUNG,DASHT SPEZAND,DASHT SPEZAND,SPEZAND,KILLI JUMA KHAN DASHT,Boys,Middle,High,104,Yes,Need Repair,No,67.09528077,29.9209672,0,1,"No High school within 2.0km, highest enrollment in area",2.0,2025-10-03 16:20:23
14605,GBMIDS JAMIA MUHAMMADIA ISPLANJI,MASTUNG,DASHT SPEZAND,DASHT,ISPLINJI,ISPLANJI DASHT,Boys,Middle,High,102,Yes,Satisfactory ,No,67.04195085,29.62564515,0,0,"No High school within 2.0km, only Middle school in area",2.0,2025-10-03 16:20:23
3026,GBMIDS SIAH PUSHT,MASTUNG,DASHT SPEZAND,ASIM ABAD /SPEZAND,ISPLINJI,KILLI SIAH PUSHT DASHT,Boys,Middle,High,90,Yes,Need Repair,No,67.05119502,29.88441174,0,0,"No High school within 2.0km, only Middle school in area",2.0,2025-10-03 16:20:23
10471,GGMIDS JALAB GANDAN,MASTUNG,DASHT SPEZAND,DASHT,SPEZAND,JALAB GONDAN,Girls,Middle,High,70,Yes,Need Repair,No,67.10922724,29.92753392,0,1,"No High school within 2.0km, highest enrollment in area",2.0,2025-10-03 16:20:23
14548,GGMIDS TAKRI MUHAMMED SHARIF DASHT,MASTUNG,DASHT SPEZAND,DASHT SPEZAND,SPEZAND,MUHAMMED SHARIF DASHT,Girls,Middle,High,70,Yes,Satisfactory ,No,66.9421804,29.93633371,0,1,"No High school within 2.0km, highest enrollment in area",2.0,2025-10-03 16:20:23
3011,GBMIDS ZAREEN WAL SHIREEN AAB,MASTUNG,MASTUNG,KHADKOCHA,GHULAM PRAINZ,ZAREEN WAL SHIREEN AAB,Boys,Middle,High,69,Yes,Need Repair,No,66.6543252,29.70125996,0,1,"No High school within 2.0km, highest enrollment in area",2.0,2025-10-03 16:20:23
3010,GBMIDS KANETI SHEEREN AAB,MASTUNG,MASTUNG,KHADKOCHA,GHULAM PRAINZ,KANETI SHEERNAB,Boys,Middle,High,60,Yes,Satisfactory ,No,66.6396382,29.67771697,0,1,"No High school within 2.0km, highest enrollment in area",2.0,2025-10-03 16:20:23
3087,GBMIDS KUMBELA,MASTUNG,DASHT SPEZAND,SPEZAND,SPEZAND,KUMBELA,Boys,Middle,High,58,Yes,Need Repair,No,66.94587448,29.9377911,0,1,"No High school within 2.0km, highest enrollment in area",2.0,2025-10-03 16:20:23
15414,GGMIDS MUHAMMAD ZAI TALAKH KAVI,MASTUNG,DASHT SPEZAND,MASTUNG,SPEZAND,MUHAMMAD ZAI TALAKH KAVI,Girls,Middle,High,55,Yes,,No,66.9813292,29.67247472,0,0,"No High school within 2.0km, only Middle school in area",2.0,2025-10-03 16:20:23
9745,GGMIDS DASHT JAHNGEER,MASTUNG,DASHT SPEZAND,DASHT,SPEZAND,DASHT JAHANGIR,Girls,Middle,High,35,Yes,Need Repair,No,66.9613701,30.02138376,0,1,"No High school within 2.0km, highest enrollment in area",2.0,2025-10-03 16:20:23
3063,GBMIDS ANJEERI,MASTUNG,MASTUNG,KHAD KOOCHA,KHAD KOCHA,KILLI TAJ MUHAMMAD ANJEERI,Boys,Middle,High,33,Yes,Satisfactory ,No,66.70847347,29.60943684,0,0,"No High school within 2.0km, only Middle school in area",2.0,2025-10-03 16:20:23
2869,GBHS WALI KHAN,MASTUNG,MASTUNG,MASTUNG,SORGAZ,WALI KHAN MASTUNG ROAD,Boys,High,Higher Secondary,464,Yes,Need Repair,Yes,66.83765357,29.87724169,0,2,"No Higher Secondary school within 2.0km, highest enrollment in area",2.0,2025-10-03 16:20:23
2850,GBHS NAWAB GHOUS BAKHSH REISANI KANAK,MASTUNG,MASTUNG,MASTUNG,KANAK,KILLI NAWAB REISANI KANAK,Boys,High,Higher Secondary,394,Yes,Need Repair,Yes,66.74590078,29.96244802,0,1,"No Higher Secondary school within 2.0km, highest enrollment in area",2.0,2025-10-03 16:20:23
2884,GGHS ISHKANA,MASTUNG,MASTUNG,MASTUNG,MASTUNG-I,KILLI ISHKANA,Girls,High,Higher Secondary,343,Yes,Satisfactory ,Yes,66.86418589,29.80876772,0,7,"No Higher Secondary school within 2.0km, highest enrollment in area",2.0,2025-10-03 16:20:23
2893,GGHS KANAK,MASTUNG,MASTUNG,MASTUNG,KANAK,KILLI RAISANI KANAK,Girls,High,Higher Secondary,340,Yes,Satisfactory ,Yes,66.74736586,29.96235994,0,1,"No Higher Secondary school within 2.0km, highest enrollment in area",2.0,2025-10-03 16:20:23
2968,GBHS BASHAM,MASTUNG,MASTUNG,MASTUNG,KANAK,BASHAM DOLY,Boys,High,Higher Secondary,319,Yes,Need Repair,Yes,66.75705944,30.07475057,0,0,"No Higher Secondary school within 2.0km, only High school in area",2.0,2025-10-03 16:20:23
2995,GBHS PASAND KHAN ,MASTUNG,KIRDGAP,KIRDGAP,SORO,KILLI PASAND KHAN,Boys,High,Higher Secondary,315,Yes,Need Repair,No,66.39112548,29.6389725,0,1,"No Higher Secondary school within 2.0km, highest enrollment in area",2.0,2025-10-03 16:20:23
2880,GGHS KARAIZ NOTH,MASTUNG,MASTUNG,MASTUNG,KAREZ NOTH,KARIAZ NOTH,Girls,High,Higher Secondary,313,Yes,Satisfactory ,Yes,66.81210335,29.81599223,0,0,"No Higher Secondary school within 2.0km, only High school in area",2.0,2025-10-03 16:20:23
2892,GBHS BABRI,MASTUNG,MASTUNG,MASTUNG,SHEIKH WASIL,BABRI,Boys,High,Higher Secondary,276,Yes,Need Repair,Yes,66.71231102,29.90603788,0,0,"No Higher Secondary school within 2.0km, only High school in area",2.0,2025-10-03 16:20:23
3092,GBHS DINAR KHAN,MASTUNG,DASHT SPEZAND,DASHT,SPEZAND,KILLI DINAR KHAN,Boys,High,Higher Secondary,242,Yes,Satisfactory ,Yes,66.96323383,29.88813648,0,1,"No Higher Secondary school within 2.0km, highest enrollment in area",2.0,2025-10-03 16:20:23
10466,GGHS KILLI KHURASANI,MASTUNG,KIRDGAP,KIRDGAP,SORO,KILLI KHURASANI,Girls,High,Higher Secondary,221,Yes,Need Repair,No,66.39193811,29.63059147,0,1,"No Higher Secondary school within 2.0km, highest enrollment in area",2.0,2025-10-03 16:20:23
2997,GGHS KIRDGAP,MASTUNG,KIRDGAP,KIRDGAP,KIRDGAP,KIRDGAP,Girls,High,Higher Secondary,210,Yes,Satisfactory ,Yes,66.45751778,29.73182813,0,0,"No Higher Secondary school within 2.0km, only High school in area",2.0,2025-10-03 16:20:23
9746,GGHS  ABAD,MASTUNG,MASTUNG,MASTUNG,GHULAM PRAINZ,KILLI JADEED ABAD,Girls,High,Higher Secondary,194,Yes,Need Repair,No,66.64698788,29.8960791,0,0,"No Higher Secondary school within 2.0km, only High school in area",2.0,2025-10-03 16:20:23
2986,GBHS MALL SARPARA,MASTUNG,KIRDGAP,KIRDGAP,SORO,KILLI MALL SARPARA,Boys,High,Higher Secondary,194,Yes,Need Repair,No,66.36046697,29.4921322,0,0,"No Higher Secondary school within 2.0km, only High school in area",2.0,2025-10-03 16:20:23
12305,GGHS GUL MUHAMMAD BANGULZAI,MASTUNG,DASHT SPEZAND,DASHT,SPEZAND,GUL MUHAMMAD SAKOZAI,Girls,High,Higher Secondary,183,Yes,Satisfactory ,No,66.961772,29.90589982,0,1,"No Higher Secondary school within 2.0km, highest enrollment in area",2.0,2025-10-03 16:20:23
2998,GBHS DRINGARH,MASTUNG,MASTUNG,MASTUNG,SHEIKH WASIL,DRINGARH,Boys,High,Higher Secondary,161,Yes,Need Repair,Yes,66.74800442,29.90550524,0,1,"No Higher Secondary school within 2.0km, highest enrollment in area",2.0,2025-10-03 16:20:23
2890,GGHS  DRINGERH,MASTUNG,MASTUNG,MASTUNG,SHEIKH WASIL,DRINGERH,Girls,High,Higher Secondary,156,Yes,Need Repair,Yes,66.74716621,29.90194361,0,1,"No Higher Secondary school within 2.0km, highest enrollment in area",2.0,2025-10-03 16:20:23
2966,GBHS CHILTAN ANARI,MASTUNG,DASHT SPEZAND,DASHT,SPEZAND,KILLI HAJI NOUROZ KHAN,Boys,High,Higher Secondary,129,Yes,Need Repair,No,66.9059205,29.99802436,0,0,"No Higher Secondary school within 2.0km, only High school in area",2.0,2025-10-03 16:20:23
2894,GBHS SAR NOZA,MASTUNG,MASTUNG,MASTUNG,KANAK,SAR NOZA,Boys,High,Higher Secondary,119,Yes,Satisfactory ,No,66.77568956,29.92536193,0,0,"No Higher Secondary school within 2.0km, only High school in area",2.0,2025-10-03 16:20:23
